RAVN,1.8125,1.8125,0.0984509140253067,1.8125,1.8125,3200,1997-01-06
PEZ,21.3899993896484,21.4899997711182,20.3993835449219,21.3899993896484,21.5100002288818,13100,2010-08-09
FLWS,10.25,10.1999998092651,10.1999998092651,10.0500001907349,10.25,104000,2017-02-23
RAVN,1.60416662693024,1.60416662693024,0.0441629476845264,1.5,1.60416662693024,80000,1994-09-27
MHF,8.625,8.625,3.12175178527832,8.5625,8.625,10300,2000-09-13
AFSI,6.25206613540649,6.50413227081299,4.2960376739502,6.25206613540649,6.61983489990234,507600,2007-10-12
RRC,91.0299987792969,88.9100036621094,87.6160354614258,88.8499984741211,91.0400009155273,939800,2014-05-22
GTT,26.25,25.5400009155273,25.5400009155273,25.2000007629395,26.4699993133545,116700,2015-09-21
FLWS,11.9499998092651,12.4499998092651,12.4499998092651,11.8500003814697,12.5500001907349,276000,2018-03-05
FLWS,9.35000038146973,9.35000038146973,9.35000038146973,9.17000007629395,9.47000026702881,497600,2007-06-15
GHDX,29.0499992370605,29.5499992370605,29.5499992370605,28.8999996185303,29.6700000762939,144500,2014-01-10
GTS,20.5,21.1599998474121,21.1599998474121,20.4500007629395,21.3199996948242,61000,2011-04-26
GTT,33,32.5499992370605,32.5499992370605,32.3499984741211,33.25,162900,2017-06-19
AMSWA,3.46869993209839,3.25,1.53472208976746,3.1875,3.46869993209839,32900,2000-10-31
EGHT,1.41999995708466,1.4099999666214,1.4099999666214,1.35000002384186,1.42999994754791,394900,2009-12-21
PEZ,31.5300006866455,31.6000003814697,30.7521705627441,31.5300006866455,31.6800003051758,900,2013-03-01
MHD,16.3125,16.375,4.39121961593628,16.25,16.5,18300,1999-01-22
GTN,3.84999990463257,3.99000000953674,3.99000000953674,3.70000004768372,4.03999996185303,991700,2013-01-29
AAPL,0.38616070151329,0.381696432828903,0.0172385536134243,0.381696432828903,0.38616070151329,5168800,1981-08-19
PEY,15.1400003433228,15.1400003433228,8.91707897186279,15.0299997329712,15.1499996185303,182700,2005-11-11
CLWT,3.41000008583069,3.24499988555908,3.24499988555908,3.24499988555908,3.41000008583069,400,2011-10-25
PEY,15.8500003814697,15.8800001144409,10.0037240982056,15.75,15.9099998474121,72800,2007-05-18
AMSWA,4.94000005722046,5.01999998092651,3.36857891082764,4.94000005722046,5.01999998092651,54800,2010-07-30
PEZ,48.5699996948242,48.3300018310547,48.1995277404785,48.0699996948242,48.5699996948242,8900,2017-11-02
VIAV,21.188850402832,20.5844707489014,20.5844707489014,20.5133666992188,21.6154727935791,1224400,1997-12-03
PEZ,38.2099990844727,38.3199996948242,37.409725189209,38.2099990844727,38.439998626709,1700,2013-08-16
PEZ,17.75,17.8400001525879,16.8944110870361,17.75,17.8799991607666,5000,2009-07-17
GTS,19.7800006866455,19.5799999237061,19.5799999237061,19.3999996185303,19.8500003814697,71200,2011-11-14
MHD,16.9799995422363,16.7299995422363,7.13856792449951,16.7199993133545,16.9799995422363,80300,2005-07-15
MHF,9.25,9.25,1.74557113647461,9.25,9.375,27500,1991-05-21
GTS,17.7700004577637,16.5900001525879,16.5900001525879,16.4899997711182,18.1700000762939,315000,2011-10-03
BRFS,12.5325002670288,12.3450002670288,11.0289106369019,12.2875003814697,12.539999961853,1073200,2010-03-25
GTN,2.02999997138977,1.98000001907349,1.98000001907349,1.97000002861023,2.02999997138977,213900,2010-09-27
PEZ,41.4199981689453,41.2799987792969,40.4176063537598,41.2799987792969,41.7799987792969,4300,2014-08-05
CLWT,5.32999992370605,5.30999994277954,5.30999994277954,5.19999980926514,5.32999992370605,10800,2014-02-21
MHD,16.6399993896484,16.6499996185303,7.67082214355469,16.5499992370605,16.6499996185303,17300,2006-10-27
PEZ,19.6599998474121,19.5400009155273,18.2959117889404,19.1499996185303,19.6700000762939,32100,2008-07-07
AHH,10.9799995422363,10.6300001144409,8.66692924499512,10.539999961853,10.9899997711182,133300,2015-02-06
GHDX,29.6299991607666,29.1700000762939,29.1700000762939,28.9300003051758,29.8299999237061,181700,2015-12-07
RAVN,18.1800003051758,18.6000003814697,17.5615863800049,18.1599998474121,18.6100006103516,188300,2015-10-08
RRC,41.6399993896484,41.4700012207031,40.2093505859375,39.5699996948242,42.0900001525879,780100,2008-11-28
RAVN,1.625,1.64583337306976,0.0311010517179966,1.625,1.6875,14400,1993-01-19
PEY,12.6499996185303,12.5299997329712,11.2504920959473,12.460000038147,12.6499996185303,132900,2015-09-01
AAPL,57.855712890625,56.0071411132812,41.7672843933105,55.6771430969238,57.9700012207031,166574800,2013-04-18
AAPL,1.94642853736877,1.94642853736877,0.0996807441115379,1.90178573131561,1.95535719394684,40600000,1987-10-13
GTN,1.86000001430511,1.78999996185303,1.78999996185303,1.75,1.91999995708466,64400,2011-11-16
GTN,14.75,14.8000001907349,14.8000001907349,14.6000003814697,14.8999996185303,702700,2017-07-25
GTN,11.4399995803833,11.1400003433228,11.1400003433228,11.1199998855591,11.4399995803833,504600,2014-05-02
EGHT,3.45000004768372,3.24000000953674,3.24000000953674,3.1800000667572,3.45000004768372,491700,2004-04-13
OXLC,10.0100002288818,10.0500001907349,9.32620048522949,10,10.0799999237061,120400,2018-02-22
AAPL,78.2528533935547,77,55.0936546325684,76.6100006103516,78.2857131958008,121786000,2012-12-12
MHD,14.5799999237061,14.5100002288818,8.18469715118408,14.5100002288818,14.6400003433228,26300,2009-12-04
CRCM,8.19999980926514,8.10000038146973,8.10000038146973,8.03999996185303,8.19999980926514,39400,2014-10-06
AMSWA,7.875,8.046799659729,3.799880027771,7.875,8.125,71800,1998-04-08
BRFS,0.983333349227905,0.958333313465118,0.130930915474892,0.958333313465118,0.983333349227905,25200,2002-06-06
EGHT,10.4499998092651,10.710000038147,10.710000038147,10.3999996185303,10.7799997329712,372600,2014-04-17
CLWT,12.8699998855591,12.210000038147,12.210000038147,12.210000038147,12.8699998855591,5600,2006-07-19
OXLC,9.14999961853027,8.85999965667725,5.65119981765747,8.57999992370605,9.14999961853027,501300,2016-05-26
MHF,9.375,9.375,1.65359222888947,9.25,9.5,42300,1990-08-06
AMSWA,5.53086423873901,5.38271617889404,2.0412859916687,5.38271617889404,5.53086423873901,60900,1983-09-22
VIAV,15.3356084823608,15.2901020050049,15.2901020050049,15.2445964813232,15.7906713485718,9389100,2003-12-03
AAPL,1.00892853736877,1.02455353736877,0.688499271869659,1.00223219394684,1.02901780605316,41546400,1998-06-29
FLWS,9.51000022888184,9.78999996185303,9.78999996185303,9.43000030517578,9.81999969482422,363800,2015-06-03
CAAS,4.19999980926514,4.40999984741211,4.32150459289551,4.19999980926514,4.40999984741211,8800,2004-05-13
MHD,11.75,11.875,3.68420219421387,11.75,11.9375,77700,2000-12-29
GTS,24.6900005340576,24.0799999237061,24.0799999237061,24.0499992370605,24.9799995422363,72300,2015-01-30
RRC,13.0333299636841,12.873330116272,12.3180122375488,12.7133302688599,13.1000003814697,1009500,2005-01-11
AMSWA,2.51851844787598,2.51851844787598,0.955097198486328,2.51851844787598,2.56790113449097,40600,1984-07-10
RAVN,2.10416674613953,2.10416674613953,0.131471306085587,2.10416674613953,2.10416674613953,12000,1997-08-19
AAPL,72.2842864990234,72.6985702514648,59.565788269043,72.2442855834961,72.7514266967773,72635500,2013-10-18
OXLC,10.4200000762939,10.5600004196167,10.307520866394,10.4200000762939,10.5799999237061,311400,2018-07-02
PEY,8.68000030517578,8.6899995803833,6.6465950012207,8.67000007629395,8.72999954223633,135800,2011-06-03
AMSWA,8.52000045776367,8.60999965667725,6.32738780975342,8.39000034332275,8.64999961853027,125400,2012-05-03
PEY,13.5900001525879,13.5600004196167,12.0359334945679,13.5100002288818,13.6199998855591,98700,2015-04-16
RAVN,15.1400003433228,16.2700004577637,11.5780515670776,15.1099996566772,16.3649997711182,271400,2008-02-13
GHDX,10.25,10.0500001907349,10.0500001907349,10,10.25,27800,2005-12-09
MHD,14.2700004577637,14.3400001525879,7.94915962219238,14.2700004577637,14.3500003814697,13500,2009-08-28
RAVN,1.38888883590698,1.41666662693024,0.0241425968706608,1.38888883590698,1.41666662693024,36000,1992-08-17
PEZ,18.9400005340576,19.0300006866455,18.021333694458,18.9400005340576,19.0300006866455,1700,2009-11-19
CLWT,3.14000010490417,3.32999992370605,3.32999992370605,3.09999990463257,3.32999992370605,7500,2016-07-29
RRC,40.3199996948242,41.25,40.9233360290527,40,41.4900016784668,2645600,2016-05-23
MHD,16.8400001525879,16.8299999237061,11.070858001709,16.7299995422363,16.8400001525879,33300,2012-01-10
FLWS,5.05999994277954,5.25,5.25,5.05000019073486,5.25,113400,2006-10-13
GTS,24.2299995422363,24.4599990844727,24.4599990844727,24.1299991607666,24.5400009155273,82400,2018-01-10
AAPL,0.645089268684387,0.651785731315613,0.43799951672554,0.642857134342194,0.660714268684387,42548800,1998-02-04
EGHT,1.8400000333786,1.85000002384186,1.85000002384186,1.82000005245209,1.87000000476837,626900,2006-02-10
GTN,12.6499996185303,12.1499996185303,12.1499996185303,12.1000003814697,12.8999996185303,1085900,2018-04-02
MHF,9.75,9.75,3.13887977600098,9.75,9.875,53900,1999-01-06
RAVN,1.375,1.375,0.0502201020717621,1.375,1.375,3200,1995-11-21
GTN,9.3100004196167,9.55000019073486,7.66826343536377,9.3100004196167,9.55000019073486,62500,2003-02-18
RAVN,1.64583337306976,1.54166662693024,0.0724121853709221,1.53125,1.64583337306976,168000,1996-08-02
GTN,9.78999996185303,10.0100002288818,10.0100002288818,9.67000007629395,10.0900001525879,1384600,2016-09-23
RAVN,1.54166662693024,1.54166662693024,0.0396998897194862,1.54166662693024,1.65625,12800,1994-08-01
CLWT,12.1718597412109,12.3817195892334,12.3817195892334,12.1718597412109,13.0112895965576,33000,1997-08-29
AAPL,154.259994506836,153.809997558594,151.519027709961,152.720001220703,154.449996948242,18698800,2017-10-02
RAVN,1.1875,1.171875,0.153798192739487,1.171875,1.1875,74400,1999-05-06
RAVN,27.8549995422363,27.1650009155273,23.5220336914062,26.6800003051758,27.8549995422363,100400,2011-08-31
RAVN,15.2399997711182,15.5200004577637,12.4950561523438,15.2150001525879,15.5600004196167,40400,2010-04-20
APO,23.6900005340576,23.5,21.3785991668701,23.3799991607666,23.7700004577637,1830600,2017-03-23
CLWT,6.05000019073486,5.77500009536743,5.77500009536743,5.6100001335144,6.05000019073486,1700,2008-10-29
FLWS,7.69000005722046,7.46999979019165,7.46999979019165,7.46999979019165,7.84000015258789,246700,2008-03-10
CCNE,18.7919998168945,18.8199996948242,10.2338991165161,18.7040004730225,18.996000289917,7000,2003-09-23
GHDX,26.2399997711182,25.7199993133545,25.7199993133545,24.8099994659424,26.2399997711182,111900,2009-04-08
AAPL,2.33285713195801,2.35214281082153,1.58063852787018,2.29357147216797,2.40214276313782,441931000,2004-07-15
MHD,16.5100002288818,16.5300006866455,13.2834844589233,16.5100002288818,16.5400009155273,18600,2014-11-18
AAPL,2.14285707473755,2.125,0.474176198244095,2.10714292526245,2.15178561210632,52038000,1993-02-04
CAAS,5.05000019073486,5.26999998092651,5.16424751281738,5.01999998092651,5.28000020980835,91900,2008-05-12
PEZ,39.8199996948242,39.6399993896484,38.7234153747559,39.4799995422363,39.8199996948242,900,2013-09-23
MHD,16.0400009155273,15.9300003051758,6.64015293121338,15.9099998474121,16.0799999237061,41500,2005-03-15
AMSWA,6.90000009536743,7.01000022888184,3.70395565032959,6.80000019073486,7.05000019073486,126200,2006-01-19
AMSWA,6.53000020980835,6.26999998092651,4.02852153778076,6.26999998092651,6.55000019073486,39200,2009-11-04
VIAV,9.59613227844238,9.49374294281006,9.49374294281006,9.41410732269287,9.69852066040039,8353800,2007-04-27
BRFS,9.52000045776367,9.56750011444092,8.36447429656982,9.44999980926514,9.63749980926514,246400,2007-07-11
VIAV,3.39021611213684,3.37315130233765,3.37315130233765,3.35039806365967,3.441410779953,2272500,2009-08-10
VIAV,5.1905574798584,5.26166105270386,5.26166105270386,5.15500545501709,5.26166105270386,40700,1995-12-08
RRC,40.1100006103516,40.189998626709,38.8491249084473,39.9599990844727,40.7999992370605,1207500,2007-12-03
RRC,27.4500007629395,27.25,26.2040958404541,27.1100006103516,27.5400009155273,1012900,2006-05-09
CLWT,19.25,18.8649997711182,18.8649997711182,18.7549991607666,19.4150009155273,18500,2006-03-22
RAVN,0.743055582046509,0.736111104488373,0.00662178685888648,0.736111104488373,0.743055582046509,29600,1990-05-31
MHF,9,9.125,2.17423057556152,9,9.125,8200,1994-07-20
MHD,14.3500003814697,14.210000038147,4.64735174179077,14.1999998092651,14.3500003814697,28100,2001-11-16
MHD,16.3299999237061,16.4799995422363,13.2433090209961,16.3299999237061,16.4799995422363,15600,2014-12-02
PEY,17.1800003051758,17.2700004577637,16.8722743988037,17.1100006103516,17.2999992370605,163700,2018-02-13
APO,28.3999996185303,29.4400005340576,21.2722969055176,28.3199996948242,29.4599990844727,1214200,2014-04-21
AMSWA,6.25,6.5,3.30321598052979,6.25,6.51999998092651,95600,2005-03-31
AFSI,6.81404972076416,6.92561960220337,4.55735063552856,6.62809896469116,7.01652908325195,757600,2007-09-04
FLWS,10.8800001144409,10.8000001907349,10.8000001907349,10.4499998092651,10.8800001144409,234900,2003-11-06
RRC,43.2900009155273,44.1300010681152,42.6576690673828,43.0099983215332,44.4199981689453,1288800,2007-10-05
AAPL,102.290000915527,100.959999084473,94.0781707763672,100.5,102.349998474121,70902400,2014-09-19
VIAV,12.1046648025513,11.8316268920898,11.8316268920898,11.5585889816284,12.2866897583008,8322000,2006-06-22
CAAS,10.1400003433228,10.1199998855591,9.9169225692749,9.92000007629395,10.25,148300,2007-02-22
RAVN,1.6875,1.6875,0.0409184247255325,1.58333337306976,1.6875,29600,1994-05-26
MHD,15.9375,15.9375,4.10366773605347,15.875,15.9375,12700,1998-09-28
MHD,14.5100002288818,14.6899995803833,11.0216207504272,14.4899997711182,14.6999998092651,134700,2013-12-10
RAVN,7.54250001907349,7.67999982833862,4.68741035461426,7.54250001907349,7.75,177200,2004-03-03
RRC,37.4500007629395,36.9700012207031,35.7099647521973,36.3300018310547,37.8400001525879,1585900,2007-08-02
GTT,13,14.1199998855591,14.1199998855591,12.9700002670288,14.7399997711182,838800,2015-02-20
RAVN,0.357638895511627,0.357638895511627,4.24928184656892e-05,0.357638895511627,0.357638895511627,72800,1984-07-05
RAVN,11.5349998474121,11.5500001907349,7.70409917831421,11.1049995422363,11.6149997711182,311000,2005-05-20
GTN,9.77999973297119,9.72000026702881,9.72000026702881,9.68000030517578,9.86999988555908,341200,2014-11-13
GTN,17.5699996948242,17.7600002288818,17.7600002288818,17.3999996185303,17.9200000762939,683000,2015-07-22
AHL,24.3500003814697,24.3500003814697,17.9425754547119,24.3500003814697,24.3500003814697,200,2004-07-21
PEZ,24.7999992370605,24.4200000762939,23.3882369995117,24.4200000762939,24.7999992370605,800,2011-09-01
GHDX,20.2999992370605,20.3099994659424,20.3099994659424,19.9099998474121,20.4099998474121,79100,2009-12-04
RAVN,15.4849996566772,14.625,9.85746669769287,14.4949998855591,15.4849996566772,322400,2005-09-30
RAVN,32.3600006103516,33.0200004577637,29.6595973968506,32.3600006103516,33.25,79200,2013-05-02
RRC,2.08332991600037,2,1.90375769138336,2,2.08332991600037,271200,2000-06-29
EGHT,0.9375,0.781199991703033,0.781199991703033,0.75,0.9375,197900,2001-03-30
RAVN,0.5,0.5,0.000868856848683208,0.5,0.5,80000,1987-06-29
PEY,17.2399997711182,17.3099994659424,16.9693336486816,17.2399997711182,17.3700008392334,139900,2018-03-16
OXLC,19.5,18.8099994659424,5.50310850143433,18.8099994659424,19.5,2100,2011-04-14
RAVN,16.3500003814697,16.1800003051758,15.4040756225586,16.1399993896484,16.3700008392334,131700,2016-03-08
GTN,12.8000001907349,12.75,10.2767181396484,12.75,12.8599996566772,53000,2003-06-13
MHD,17.25,17.4099998474121,14.2816200256348,17.25,17.4099998474121,13200,2015-04-07
AAPL,28.7428569793701,28.8714294433594,19.4015808105469,28.6871433258057,28.9114284515381,86381400,2009-12-23
GHDX,32.1199989318848,32.5400009155273,32.5400009155273,32.1199989318848,32.6800003051758,113200,2017-10-11
VIAV,14.9715585708618,14.1069393157959,14.1069393157959,14.0614337921143,15.0625715255737,6217500,2003-04-07
CLWT,21.4500007629395,21.8899993896484,21.8899993896484,21.2299995422363,23.1000003814697,81200,2007-10-31
RAVN,1.28125,1.28125,0.350366204977036,1.26041662693024,1.29166662693024,68000,2000-09-05
CCNE,6.09999990463257,6.09999990463257,1.6397784948349,6.09999990463257,6.09999990463257,2500,1996-02-08
AMSWA,4.3125,4.34369993209839,2.05119204521179,4.21869993209839,4.34369993209839,84100,2000-06-05
EGHT,21,21.6499996185303,21.6499996185303,20.8999996185303,21.7299995422363,1818500,2018-07-12
CCNE,5.80000019073486,6.05000019073486,2.50835537910461,5.80000019073486,6.05000019073486,15500,2000-12-28
AMSWA,5.625,5.875,2.77430558204651,5.625,5.875,50100,1996-10-22
GTS,17.1900005340576,17.0200004577637,17.0200004577637,16.8700008392334,17.1900005340576,76900,2017-03-13
MHF,9.125,9.125,1.59912812709808,9.125,9.375,7200,1990-06-28
MHD,16.9400005340576,17.4200000762939,15.7090625762939,16.9400005340576,17.5699996948242,80100,2016-10-19
MHD,17.2099990844727,17.3199996948242,14.2813491821289,17.2099990844727,17.3199996948242,14700,2015-04-16
CLWT,5.44500017166138,5.44500017166138,5.44500017166138,4.94999980926514,5.44500017166138,500,2011-08-18
RRC,2.04167008399963,1.95833003520966,1.86409282684326,1.91666996479034,2.04167008399963,318100,2000-07-26
EGHT,7.96000003814697,7.96000003814697,7.96000003814697,7.88000011444092,8.01000022888184,507900,2015-02-13
PEZ,23.8500003814697,24.2299995422363,22.6872997283936,23.8099994659424,24.2299995422363,1108300,2007-12-21
OXLC,16.25,16.3500003814697,7.4982213973999,16.1800003051758,16.4400005340576,47600,2014-08-05
AMSWA,9.39000034332275,9.3100004196167,6.77199554443359,8.98999977111816,9.39000034332275,136800,2011-12-21
AAPL,77.1157150268555,75.9742889404297,67.7062606811523,75.7971420288086,77.1428604125977,68812800,2014-04-04
RRC,3.09332990646362,3.09999990463257,2.9508228302002,3.07332992553711,3.13333010673523,123100,2002-02-28
CRCM,9.14999961853027,9.13000011444092,9.13000011444092,9.11999988555908,9.25,58900,2014-08-27
MHD,15.789999961853,15.7600002288818,6.60932207107544,15.7600002288818,15.8400001525879,17400,2005-04-14
GTS,16.8999996185303,17.4799995422363,17.4799995422363,16.8500003814697,17.6399993896484,92600,2012-06-08
APO,17.8799991607666,17.9400005340576,12.1720094680786,17.7000007629395,18.0900001525879,412200,2011-05-05
RRD,5.390625,5.375,1.21314668655396,5.34375,5.421875,38400,1982-03-11
AHH,10.6400003433228,10.4099998474121,7.80693101882935,10.2799997329712,10.6400003433228,52800,2013-10-24
MHF,8.625,8.625,2.08033680915833,8.625,8.625,2200,1994-09-28
GHDX,11.0500001907349,11.0600004196167,11.0600004196167,10.8999996185303,11.2399997711182,163900,2006-03-22
GHDX,30.5,30.3600006103516,30.3600006103516,28,31.0799999237061,670900,2016-01-11
RRD,5.59375,5.546875,1.25193905830383,5.5,5.59375,46400,1982-05-10
AMSWA,9.30000019073486,9.46000003814697,7.70740842819214,9.30000019073486,9.47999954223633,39000,2014-05-19
FLWS,7.40000009536743,7.40000009536743,7.40000009536743,7.36999988555908,7.44999980926514,100800,2005-02-23
MHD,16.875,16.5625,4.30912637710571,16.5625,16.875,48300,1998-12-04
VIAV,48.6461906433105,52.7872581481934,52.7872581481934,47.9635963439941,53.8794097900391,11055500,2001-11-16
RRC,8.75,9,7.94962787628174,8.75,9,193200,1996-10-02
PEZ,22.8899993896484,22.6800003051758,21.2359924316406,22.6800003051758,22.8899993896484,6900,2008-04-04
PEY,16.3700008392334,16.2800006866455,10.0965614318848,16.2600002288818,16.4400005340576,95600,2006-12-18
GTS,24.0699996948242,24.1700000762939,24.1700000762939,23.8500003814697,24.25,55900,2018-01-23
APO,21.9599990844727,22.3600006103516,17.7733535766602,21.9599990844727,22.6100006103516,660200,2015-07-14
CLWT,3.98732995986938,4.40705013275146,4.40705013275146,3.98732995986938,4.40705013275146,11300,1999-02-24
RRC,28.0400009155273,28.3099994659424,27.2473125457764,28.0400009155273,28.7299995422363,1017900,2006-08-25
EGHT,3,2.875,2.875,2.875,3.53119993209839,228100,1998-08-25
FLWS,2.08999991416931,2.02999997138977,2.02999997138977,2.02999997138977,2.47000002861023,355900,2009-06-24
PEY,10.8100004196167,10.789999961853,8.95879077911377,10.7200002670288,10.8100004196167,66600,2013-05-24
AHL,23.75,23.6800003051758,17.4274921417236,23.6000003814697,23.75,44400,2004-05-18
GTT,1.10000002384186,1.10000002384186,1.10000002384186,1.10000002384186,1.10000002384186,15800,2011-10-11
MHD,17.1299991607666,17.0499992370605,7.35579586029053,17.0499992370605,17.1499996185303,17700,2005-09-13
EGHT,4.3125,4.1875,4.1875,3.875,4.46869993209839,164800,1999-10-28
BRFS,14.6324996948242,14.335000038147,12.7421960830688,14.2974996566772,14.8000001907349,386800,2008-06-20
FLWS,10.1499996185303,10.3999996185303,10.3999996185303,10.1499996185303,10.5,135200,2016-11-17
AAPL,4.8392858505249,4.7611608505249,3.19949626922607,4.62276792526245,4.98214292526245,82140800,2000-04-03
VIAV,15.5631399154663,15.4266214370728,15.4266214370728,15.2901020050049,15.6996583938599,5516600,2006-05-05
APO,17.3199996948242,17.75,12.0905132293701,17.3199996948242,17.9699993133545,430700,2011-05-26
GTN,14.5900001525879,14.7200002670288,12.0014486312866,14.3299999237061,14.7200002670288,99100,2005-02-03
RRC,16.9799995422363,16.8299999237061,16.7483463287354,16.6700000762939,17.2999992370605,10424900,2017-08-09
AMSWA,2.59369993209839,2.59369993209839,1.22480309009552,2.375,2.625,34600,1999-02-19
PEZ,41.8499984741211,41.939998626709,41.3355674743652,41.8400001525879,41.9700012207031,12400,2016-05-27
GTN,10.6199998855591,10.3599996566772,10.3599996566772,10.210000038147,10.6199998855591,311600,2014-05-20
RRC,5.33333015441895,5.33333015441895,4.67982959747314,5.16666984558105,5.33333015441895,18000,1994-03-08
MHF,9.375,9.375,2.65919470787048,9.25,9.375,13800,1997-01-08
GTN,1.5,1.55999994277954,1.55999994277954,1.5,1.55999994277954,187900,2012-07-16
CLWT,2.48000001907349,2.55999994277954,2.55999994277954,2.48000001907349,2.55999994277954,800,2015-10-02
AMSWA,8.56999969482422,8.67000007629395,6.84157657623291,8.55000019073486,8.6899995803833,22600,2013-02-22
FLWS,7.34999990463257,7.23000001907349,7.23000001907349,7.21000003814697,7.46000003814697,202900,2016-04-11
RAVN,0.447916656732559,0.447916656732559,0.000669646018650383,0.444444447755814,0.447916656732559,72800,1987-05-11
RAVN,0.447916656732559,0.440972208976746,0.000557425548322499,0.440972208976746,0.447916656732559,48000,1987-02-12
FLWS,7.23000001907349,7.21000003814697,7.21000003814697,7.09999990463257,7.28000020980835,177700,2004-08-16
FLWS,3.09999990463257,3.15000009536743,3.15000009536743,3.05999994277954,3.1800000667572,87800,2012-06-06
GTT,2.00999999046326,1.95000004768372,1.95000004768372,1.95000004768372,2.00999999046326,2500,2007-04-19
RAVN,1.91666662693024,1.84895837306976,0.107925683259964,1.84895837306976,1.91666662693024,364800,1997-04-01
AMSWA,6.76999998092651,6.61999988555908,4.70315980911255,6.59999990463257,6.92000007629395,308600,2011-08-11
PEY,12.960000038147,12.8000001907349,8.35659885406494,11.960000038147,12.960000038147,43100,2008-02-15
VIAV,6.73492622375488,6.82593870162964,6.82593870162964,6.3708758354187,6.96245718002319,21458800,2005-04-12
GTN,11.0299997329712,11.0100002288818,10.580638885498,10.8199996948242,11.1599998474121,279000,2007-04-23
GTN,10.3500003814697,10.3999996185303,10.3999996185303,10.2799997329712,10.5,876000,2017-01-18
GTT,2.49000000953674,2.65000009536743,2.65000009536743,2.48000001907349,2.65000009536743,800,2012-11-09
CAAS,21.8299999237061,21.7800006866455,21.3429431915283,21.5,22.1800003051758,424100,2010-04-21
CAAS,6.69000005722046,6.69000005722046,6.55575227737427,6.65999984741211,6.92999982833862,32800,2006-01-18
CLWT,21.9449996948242,19.8549995422363,19.8549995422363,19.4699993133545,22.1100006103516,29500,2007-11-01
RAVN,30.4349994659424,30.6399993896484,26.7177867889404,30.4050006866455,31.2999992370605,95400,2011-11-17
AHL,23.9799995422363,24,17.7065658569336,23.9099998474121,24.0499992370605,62500,2004-11-09
CCNE,10.3760004043579,10.3959999084473,4.99533462524414,10.3760004043579,10.3959999084473,5700,2002-05-15
RAVN,9,9,5.86724519729614,8.6225004196167,9,81600,2004-07-06
AMSWA,2.79999995231628,2.76999998092651,1.30805611610413,2.76999998092651,2.79999995231628,2100,2002-09-11
RAVN,15.6700000762939,15.3900003433228,14.7738275527954,15.3699998855591,15.7700004577637,75000,2016-05-05
CLWT,10.6149997711182,10.6700000762939,10.6700000762939,10.5050001144409,10.7250003814697,1700,2006-09-07
AMSWA,8.89000034332275,8.80000019073486,6.33680105209351,8.72000026702881,8.90999984741211,70700,2011-11-14
MHD,15.8699998855591,15.8199996948242,6.04497480392456,15.7700004577637,15.8699998855591,21800,2004-01-15
GTN,15.0500001907349,15.1999998092651,15.1999998092651,14.9499998092651,15.3000001907349,537500,2018-07-25
BRFS,14.5,14.210000038147,14.210000038147,14.1499996185303,14.5500001907349,1018200,2017-01-13
AMSWA,5.94444465637207,5.94444465637207,2.28780961036682,5.77777767181396,6,98100,1987-09-29
AMSWA,5.88888883590698,5.61111116409302,2.17225217819214,5.55555534362793,5.88888883590698,72900,1988-03-24
AHL,23.3299999237061,22.75,17.4200115203857,22.6000003814697,23.3299999237061,245000,2006-08-02
CAAS,7.17999982833862,6.92999982833862,6.79093599319458,6.92999982833862,7.21000003814697,72200,2007-07-24
AMSWA,5.17999982833862,5.1399998664856,3.51118564605713,5.13000011444092,5.21000003814697,21100,2010-09-16
EGHT,10.75,10.625,10.625,10.625,11.125,147600,1998-01-08
AHL,22.5,22.7900009155273,17.4506416320801,22.5,22.8999996185303,243900,2006-07-24
GHDX,23.8799991607666,24.6700000762939,24.6700000762939,23.5,24.7900009155273,181900,2015-08-12
AMSWA,10.3999996185303,10.4300003051758,9.65472602844238,10.3800001144409,10.5100002288818,10500,2016-12-29
MHD,18.1800003051758,18.2000007629395,13.1092138290405,18.1499996185303,18.2199993133545,26700,2013-04-30
RAVN,2.01250004768372,1.91375005245209,0.828463435173035,1.91250002384186,2.01250004768372,48000,2001-09-20
VIAV,7.55972719192505,7.62229824066162,7.62229824066162,7.54266214370728,7.87258243560791,11287000,2007-06-28
EGHT,2.66000008583069,2.5699999332428,2.5699999332428,2.52999997138977,2.73000001907349,633600,2004-05-26
GTN,10.4899997711182,10.6499996185303,10.6499996185303,10.3000001907349,10.6800003051758,725500,2016-07-06
FLWS,7.51000022888184,7.42000007629395,7.42000007629395,7.19000005722046,7.65000009536743,145800,2005-05-25
RRC,16.3400001525879,16.4533290863037,15.7641191482544,16.1599998474121,16.5266704559326,1311600,2005-04-05
GTN,13.9300003051758,13.8599996566772,13.8599996566772,13.8400001525879,14.1199998855591,524600,2015-04-07
MHF,8.75,8.75,2.21967148780823,8.75,8.875,13500,1995-05-30
RRC,2.70832991600037,2.70832991600037,2.56293296813965,2.70832991600037,2.75,54000,1999-05-19
GHDX,16.6000003814697,17.5100002288818,17.5100002288818,16.3500003814697,17.8700008392334,276700,2008-10-29
EGHT,7.1100001335144,7.15000009536743,7.15000009536743,6.98000001907349,7.17000007629395,1172800,2014-06-16
VIAV,23.4641647338867,24.2818546295166,24.2818546295166,23.3219566345215,24.6018199920654,916400,1998-09-11
AHL,28.0900001525879,27.4899997711182,23.2716636657715,27.4099998474121,28.1000003814697,498300,2010-08-26
AAPL,1.21428573131561,1.17857146263123,0.119681440293789,1.17857146263123,1.23214280605316,48795600,1990-02-22
RAVN,1.91666662693024,1.85416662693024,0.0384798422455788,1.85416662693024,1.91666662693024,24800,1993-07-27
CAAS,2.95000004768372,2.96000003814697,2.90060186386108,2.91000008583069,3.25,52100,2008-12-22
FLWS,6.28999996185303,6.36999988555908,6.36999988555908,6.09999990463257,6.36999988555908,85600,2003-02-19
CAAS,6.78000020980835,6.82999992370605,6.69294309616089,6.63000011444092,6.94999980926514,40100,2006-08-18
AMSWA,16.25,15.625,6.57201290130615,15.5,16.25,118500,1992-04-20
RAVN,0.34375,0.340277791023254,0.000135210444568656,0.340277791023254,0.34375,33600,1985-09-20
CLWT,2.95901989936829,3.02198004722595,3.02198004722595,2.4553599357605,3.02198004722595,1200,2001-03-02
FLWS,12.75,12.6999998092651,12.6999998092651,12.6499996185303,12.8999996185303,50900,2018-07-17
EGHT,10.5,10.3900003433228,10.3900003433228,10.3599996566772,10.6400003433228,1216400,2014-02-26
APO,27.1499996185303,27.3299999237061,24.8628578186035,26.9300003051758,27.3500003814697,1121300,2017-05-16
AAPL,1.92857146263123,1.93142855167389,1.29791879653931,1.92214286327362,1.95428574085236,104973400,2004-03-26
RRD,10.375,10.375,2.34165525436401,10.3125,10.53125,139200,1983-11-21
BRFS,5.54416656494141,5.55416679382324,4.78176355361938,5.48083353042603,5.61666679382324,415200,2006-02-15
GTS,25.2299995422363,24.2999992370605,24.2999992370605,24.1900005340576,25.3299999237061,182100,2018-02-28
GTN,15.0500001907349,15.3000001907349,15.3000001907349,14.8000001907349,15.4499998092651,1031100,2017-04-27
MHF,9.625,9.625,2.9912850856781,9.5625,9.625,52500,1998-06-08
AAPL,1.41214287281036,1.45071423053741,0.974878907203674,1.41142857074738,1.47785711288452,75948600,2001-06-12
MHD,16.25,16.1875,4.3409366607666,16.1875,16.25,13400,1999-02-10
AMSWA,6.61111116409302,6.77777767181396,2.65869116783142,6.61111116409302,6.83333349227905,290200,1988-11-21
MHD,16.1599998474121,16.2800006866455,13.0127429962158,16.1299991607666,16.2800006866455,53500,2014-10-16
BRFS,12.6999998092651,12.7600002288818,11.3996677398682,12.6700000762939,13,1006900,2010-06-07
AHH,15.0699996948242,15.0900001525879,15.0900001525879,14.960000038147,15.210000038147,291800,2018-07-24
AMSWA,5.94000005722046,5.98999977111816,3.90290951728821,5.94000005722046,6.03000020980835,35000,2010-01-13
RAVN,1.79166662693024,1.875,0.101845823228359,1.79166662693024,1.875,94400,1996-12-30
AAPL,1.72321426868439,1.30357146263123,0.0667586326599121,1.26785719394684,1.72321426868439,119000000,1987-10-19
AAPL,6.10857152938843,6.11571407318115,4.10975646972656,5.97857141494751,6.14428567886353,189154700,2005-03-04
AAPL,1.80357146263123,1.8125,0.314681470394135,1.80357146263123,1.83928573131561,8523200,1991-11-29
MHF,7.375,7.3125,2.51528167724609,7.3125,7.4375,87800,1999-12-27
BRFS,11.2399997711182,11.3599996566772,11.1875667572021,11.1899995803833,11.4899997711182,1889700,2016-01-27
AMSWA,1.84370005130768,1.84370005130768,0.870636403560638,1.8125,1.875,92900,2000-12-15
RRC,3.16667008399963,3.33332991600037,3.15438032150269,3.16667008399963,3.375,419400,1999-06-09
GTT,4.25,4.30000019073486,4.30000019073486,4.23999977111816,4.32999992370605,9100,2013-09-06
VIAV,1.95534694194794,2.02645039558411,2.02645039558411,1.95534694194794,2.02645039558411,24600,1995-01-27
MHF,9,9.125,1.64278328418732,9,9.125,54400,1990-11-01
EGHT,2.25,2.08999991416931,2.08999991416931,1.98000001907349,2.27999997138977,1692900,2010-09-28
GTN,17.1000003814697,17.0900001525879,17.0900001525879,17.0699996948242,17.3999996185303,1531700,2015-07-15
CCNE,9.5,9.5,3.5102915763855,9.30000019073486,9.5,5200,2000-02-18
VIAV,38.088737487793,39.4994316101074,39.4994316101074,37.8612060546875,41.0921516418457,7876100,2001-12-31
AMSWA,7,7,3.30555725097656,6.5,7,65200,1997-01-28
GTN,13.3900003433228,13.4899997711182,10.8899259567261,13.289999961853,13.5,194900,2003-12-09
RRC,45.8199996948242,45.8899993896484,44.6264533996582,44.7799987792969,46.189998626709,2660900,2009-07-28
MHF,9.875,9.75,2.07978773117065,9.75,9.875,18300,1993-02-02
ISTR,15.8199996948242,15.7399997711182,15.6061344146729,15.6599998474121,15.8800001144409,1700,2016-08-10
RRC,11.8333301544189,11.9333295822144,11.4010143280029,11.8333301544189,12.1666698455811,666000,2004-10-05
AAPL,25.1171436309814,25.2557144165039,16.9718227386475,25.081428527832,25.3571434020996,109902800,2008-08-22
AMSWA,4.44444465637207,4.44444465637207,1.68546545505524,4.44444465637207,4.54321002960205,43300,1983-11-07
MHD,14.3199996948242,14.2200002670288,4.62539768218994,14.1999998092651,14.3800001144409,20100,2001-10-16
CLWT,17.9300003051758,18.0949993133545,18.0949993133545,17.7649993896484,18.9200000762939,11300,2005-11-14
RRD,4.1875,4.125,0.931019425392151,4.125,4.1875,76800,1980-12-11
AAPL,6.2228569984436,6.09285736083984,4.09439659118652,6.03714275360107,6.34000015258789,140520100,2005-07-29
OXLC,13.6000003814697,13.5500001907349,4.35981893539429,13.4099998474121,13.6000003814697,12300,2011-12-16
MHF,8.375,8.25,2.00242495536804,8.25,8.5,18900,1994-10-26
AMSWA,6.55555534362793,6.61111116409302,2.54438471794128,6.55555534362793,6.66666650772095,58500,1987-07-14
AMSWA,6.34999990463257,5.8899998664856,2.89014744758606,5.78000020980835,6.3899998664856,162000,2004-06-03
RRC,7.40667009353638,7.54666996002197,7.20324993133545,7.40667009353638,7.68666982650757,624400,2004-05-14
AAPL,96,95.0999984741211,91.5635986328125,95.0299987792969,96.5699996948242,34411900,2016-06-20
AAPL,27.2371425628662,27.0385723114014,18.169900894165,26.9842853546143,27.3500003814697,109552800,2009-10-08
BRFS,15.3100004196167,15.2200002670288,13.6289110183716,15.1899995803833,15.3800001144409,2792200,2010-10-13
CAAS,8.93000030517578,9.28999996185303,9.10357856750488,8.72999954223633,9.39000034332275,156300,2009-09-30
RRC,3.45832991600037,3.95832991600037,3.75775241851807,3.41667008399963,3.95832991600037,520900,1999-06-18
AMSWA,4.96000003814697,4.98000001907349,2.37770056724548,4.92000007629395,5.01999998092651,158700,2003-09-04
RRC,4.33333015441895,4.5,3.94860744476318,4.25,4.5,69700,1995-01-13
AAPL,2.23548936843872,2.33035707473755,1.56599843502045,2.21651792526245,2.35267853736877,158636800,1999-08-31
GHDX,26.75,27.0400009155273,27.0400009155273,26.3199996948242,27.1399993896484,135100,2016-04-14
DSKE,9.67000007629395,9.36999988555908,9.36999988555908,9.34000015258789,9.73999977111816,432800,2018-05-22
RAVN,29.5499992370605,29.8099994659424,26.4774761199951,29.5499992370605,30.2000007629395,95000,2012-10-01
CAAS,17.2000007629395,16.5,16.1688957214355,16.3999996185303,17.6499996185303,53900,2004-01-12
FLWS,8.5,8.65999984741211,8.65999984741211,8.5,8.85000038146973,87900,2003-06-20
CAAS,12.5500001907349,12.3999996185303,12.1511697769165,12.3199996948242,12.6300001144409,145800,2011-02-16
MHD,12.0699996948242,12.1700000762939,6.5805835723877,12.0699996948242,12.1700000762939,21900,2009-05-06
AMSWA,5.75,5.78999996185303,2.87743544578552,5.59000015258789,5.84999990463257,111900,2004-08-25
GTS,24.3600006103516,24.3999996185303,24.3999996185303,24.1299991607666,24.7099990844727,213700,2015-06-15
AAPL,0.640625,0.640625,0.0289325341582298,0.638392865657806,0.647321403026581,17690400,1986-06-30
RRC,36.2299995422363,36.5499992370605,36.1392211914062,35.9900016784668,36.7999992370605,3029000,2015-08-17
RAVN,0.322916656732559,0.326388895511627,3.87798208976164e-05,0.322916656732559,0.326388895511627,15200,1984-10-04
RAVN,30,29.5799999237061,26.956356048584,28.9500007629395,30.7999992370605,241500,2014-05-21
AMSWA,8.42000007629395,8.44999980926514,6.66797113418579,8.27000045776367,8.46000003814697,29900,2013-06-17
CLWT,13.1999998092651,13.1450004577637,13.1450004577637,12.8699998855591,13.1999998092651,6200,2007-08-17
EGHT,14.6999998092651,14.25,14.25,14.25,15.4499998092651,899200,2016-12-21
RAVN,1.66499996185303,1.72083330154419,0.701439321041107,1.66166663169861,1.72083330154419,206400,2001-05-17
AMSWA,5.09999990463257,5.13000011444092,2.44931745529175,4.98999977111816,5.13000011444092,59000,2003-09-23
RRC,3.89333009719849,3.85999989509583,3.67425227165222,3.83332991600037,3.96667003631592,56700,2002-12-26
RAVN,14.7550001144409,14.2049999237061,11.1066102981567,13.9499998092651,14.7550001144409,83000,2009-08-05
CAAS,8.09000015258789,8.10999965667725,7.94725704193115,8.01000022888184,8.27999973297119,104400,2007-10-26
GTS,18.5900001525879,18.2399997711182,18.2399997711182,18.1499996185303,18.6800003051758,108500,2017-03-03
VIAV,2.48862338066101,2.50639939308167,2.50639939308167,2.48862338066101,2.55972695350647,482300,1995-03-02
AHH,14.0500001907349,13.7799997329712,12.8649253845215,13.6700000762939,14.1499996185303,331200,2017-05-03
EGHT,13.1599998474121,13.2700004577637,13.2700004577637,13.1400003433228,13.2799997329712,331100,2016-08-30
AMSWA,6.94444465637207,6.83333349227905,2.62991142272949,6.77777767181396,7,88200,1987-08-03
MHD,13.039999961853,13.0500001907349,7.19000434875488,12.9899997711182,13.1099996566772,39400,2009-07-23
BRFS,12.9099998474121,13.0600004196167,13.0600004196167,12.6999998092651,13.0600004196167,2093700,2017-06-05
RRC,5.08333015441895,5.08333015441895,4.46045970916748,5.08333015441895,5.08333015441895,13600,1995-07-03
GTT,40.25,39.5499992370605,39.5499992370605,39.2000007629395,40.25,392900,2017-12-01
RAVN,0.472222208976746,0.475694447755814,0.000601317675318569,0.472222208976746,0.475694447755814,22400,1987-02-18
GTN,16.4500007629395,16.0900001525879,16.0900001525879,16.0699996948242,16.5499992370605,1017900,2015-06-03
AAPL,0.542410731315613,0.540178596973419,0.0243960786610842,0.540178596973419,0.542410731315613,9956800,1981-01-08
VIAV,98.6205902099609,94.923210144043,94.923210144043,93.9988632202148,98.7628021240234,1527100,1999-07-09
RAVN,15.3900003433228,14.875,10.1847066879272,14.875,15.6000003814697,84400,2006-07-07
GTS,14.1999998092651,14.3599996566772,14.3599996566772,14.1999998092651,14.6400003433228,132700,2009-05-26
RRC,41.9099998474121,42.9000015258789,41.5566520690918,40.8899993896484,43.5,6419300,2008-08-05
BRFS,25,25.3500003814697,24.2577781677246,24.8400001525879,25.4400005340576,1070900,2014-09-10
APO,16.3799991607666,16.2800006866455,13.973316192627,16.2800006866455,16.4599990844727,703800,2016-06-07
RAVN,0.201388895511627,0.19791667163372,2.35154202528065e-05,0.19791667163372,0.20833332836628,170400,1983-02-22
AAPL,0.696428596973419,0.678571403026581,0.45599952340126,0.674107134342194,0.696428596973419,52917200,1998-02-11
GTN,10.1499996185303,9.86999988555908,9.86999988555908,9.86999988555908,10.1800003051758,736400,2014-09-04
AAPL,1.15178573131561,1.11607146263123,0.396651744842529,1.09821426868439,1.16071426868439,35117600,1994-05-09
AHL,26.9400005340576,26.7399997711182,23.1357479095459,26.0900001525879,27.3199996948242,465500,2011-10-28
CLWT,12.1718597412109,10.4929800033569,10.4929800033569,10.073260307312,12.1718597412109,600,1997-12-15
DSKE,10.3599996566772,10.5799999237061,10.5799999237061,10.25,10.6800003051758,348000,2018-03-13
BRFS,5.02166652679443,4.97666645050049,4.28457450866699,4.95833349227905,5.1341667175293,194400,2006-03-21
RAVN,16.2299995422363,15.625,10.7650346755981,15.4700002670288,16.2299995422363,88200,2006-11-09
OXLC,10.5500001907349,10.5,8.76246356964111,10.4300003051758,10.5500001907349,62600,2017-07-20
AMSWA,5.13580226898193,5.08641958236694,1.92892146110535,5.08641958236694,5.18518495559692,54900,1983-06-10
RRC,13.8333301544189,13.373330116272,12.796441078186,13.2466697692871,13.8333301544189,748600,2004-12-27
FLWS,2.71000003814697,2.53999996185303,2.53999996185303,2.49000000953674,2.71000003814697,162600,2011-06-08
BRFS,16.2700004577637,15.4700002670288,14.3014764785767,15.4499998092651,16.5,2542700,2012-06-21
AMSWA,11.25,11,4.53249931335449,10.875,11.25,46300,1991-04-22
AAPL,5.54428577423096,5.32285737991333,3.57695698738098,5.26285696029663,5.65142869949341,688298100,2005-04-14
VIAV,1.10210466384888,1.10210466384888,1.10210466384888,1.10210466384888,1.10210466384888,32300,1994-08-03
EGHT,7.0625,6.5,6.5,6.5,7.5625,1621100,1999-01-06
OXLC,11.9300003051758,11.789999961853,6.60139799118042,11.75,12,77600,2015-11-03
EGHT,3.82999992370605,4.26000022888184,4.26000022888184,3.82999992370605,4.44000005722046,6610500,2012-01-19
NSEC,5,5,1.12862730026245,5,5.27777767181396,10800,1982-04-05
VIAV,15.8816833496094,15.5176334381104,15.5176334381104,15.3811149597168,16.1092147827148,3199300,2004-09-22
AAPL,55.3028564453125,54.4742851257324,36.6066818237305,54.4542846679688,55.5557136535645,136910200,2011-09-30
MHD,15.4399995803833,15.5900001525879,11.4111909866333,15.3999996185303,15.75,90700,2013-07-31
CCNE,8,8,3.03372812271118,8,8,200,2000-03-31
PEZ,43.2299995422363,43.6800003051758,43.410099029541,43.2299995422363,43.7200012207031,28100,2017-05-18
CCNE,14.0200004577637,14.1999998092651,7.33011674880981,14.0200004577637,14.1999998092651,1200,2003-01-31
RAVN,1.76041662693024,1.76041662693024,0.0891262739896774,1.76041662693024,1.76041662693024,5600,1996-10-09
GHDX,19.6900005340576,19.2700004577637,19.2700004577637,18.7099990844727,19.6900005340576,205200,2007-01-04
GTS,19.1900005340576,19.3600006103516,19.3600006103516,19.1900005340576,19.5799999237061,46500,2011-01-27
RAVN,0.75,0.75,0.00674672657623887,0.75,0.75,26400,1990-06-06
PEY,15.3999996185303,15.3100004196167,9.6754264831543,15.2700004577637,15.4399995803833,69000,2007-06-26
AAPL,1.77678573131561,1.74107146263123,0.281967014074326,1.74107146263123,1.80357146263123,53900000,1991-11-05
FLWS,6,6.09369993209839,6.09369993209839,5.75,6.25,111900,2000-04-27
FLWS,6,6.125,6.125,6,6.28119993209839,153100,2001-03-19
PEY,6.28000020980835,6.32999992370605,4.43157386779785,6.28000020980835,6.40000009536743,46500,2009-06-11
AAPL,1.52678573131561,1.50892853736877,0.667174398899078,1.49553573131561,1.54017853736877,51125200,1994-10-24
PEZ,50.1399993896484,50.3800010681152,50.3068962097168,50.1399993896484,50.439998626709,3800,2018-04-16
AAPL,44.5714302062988,44.9714279174805,30.2207717895508,44.5357131958008,45.0571441650391,103431300,2010-11-24
AAPL,25.0571422576904,25.6499996185303,17.2367820739746,24.6771430969238,25.6714286804199,222087600,2008-07-08
RRC,2.66667008399963,2.66667008399963,2.339919090271,2.66667008399963,2.83332991600037,28600,1993-02-26
GTS,20.8500003814697,20.6499996185303,20.6499996185303,20.5699996948242,20.8500003814697,38800,2008-02-20
AAPL,1.35714280605316,1.36607146263123,0.714254260063171,1.33928573131561,1.37053573131561,48829200,1995-04-28
GTN,8.98999977111816,9.22000026702881,7.57273149490356,8.90999984741211,9.35999965667725,1352800,2005-11-01
CLWT,4.3440899848938,4.02930021286011,4.02930021286011,4.02930021286011,4.3440899848938,4200,2000-05-30
AAPL,2.25,2.25892853736877,0.413830786943436,2.25,2.25892853736877,13540800,1992-03-20
GHDX,16,15.6599998474121,15.6599998474121,15.5200004577637,16,86700,2010-05-18
AAPL,0.314732134342194,0.314732134342194,0.0142142390832305,0.314732134342194,0.319196432828903,29545600,1985-07-17
CLWT,3.44000005722046,3.44000005722046,3.44000005722046,3.44000005722046,3.44000005722046,1500,2014-10-30
PEY,7.84999990463257,7.78000020980835,5.63249731063843,7.75,7.90000009536743,214900,2010-01-21
AAPL,1.75892853736877,1.73214280605316,0.363527595996857,1.71428573131561,1.76785719394684,28562800,1992-10-21
RAVN,18.6149997711182,18.5699996948242,13.0647077560425,18.3500003814697,18.6499996185303,55400,2007-07-06
MHD,14.289999961853,14.3000001907349,4.95494413375854,14.2600002288818,14.3000001907349,11000,2002-10-08
GTT,44.2000007629395,44.9000015258789,44.9000015258789,43.4500007629395,44.9000015258789,338800,2018-07-05
AMSWA,4.74074077606201,4.77777767181396,1.82366323471069,4.74074077606201,4.85185194015503,81000,1986-12-30
RRC,42.1300010681152,41.7799987792969,40.5099143981934,39.8699989318848,43.5800018310547,4571100,2008-10-01
RRC,15.9700002670288,16.1100006103516,16.1100006103516,15.8999996185303,16.3999996185303,4738900,2018-08-09
VIAV,11.7320823669434,12.5853242874146,12.5853242874146,11.6609783172607,12.7275314331055,3598900,1997-01-08
APO,25.5900001525879,25.6000003814697,23.2890319824219,25.5,25.8799991607666,787100,2017-04-20
PEZ,38.4799995422363,38.4799995422363,37.56591796875,38.4700012207031,38.6300010681152,1300,2013-07-31
EGHT,1.07000005245209,1.13999998569489,1.13999998569489,1.07000005245209,1.13999998569489,282700,2008-01-24
FLWS,2.48000001907349,2.52999997138977,2.52999997138977,2.42000007629395,2.52999997138977,91900,2010-06-10
BRFS,16.9099998474121,16.9300003051758,16.9300003051758,16.7800006866455,17.0499992370605,1900600,2016-08-12
MHD,17.7000007629395,17.7299995422363,16.851448059082,17.6800003051758,17.7299995422363,12900,2017-09-20
CLWT,9.35000038146973,9.1850004196167,9.1850004196167,9.1850004196167,9.73499965667725,3900,2008-07-10
AMSWA,3.55555558204651,3.67901229858398,1.39519202709198,3.55555558204651,3.70370364189148,64800,1985-03-15
CRCM,6.1100001335144,6.07000017166138,6.07000017166138,5.80999994277954,6.21000003814697,102900,2016-04-15
FLWS,2.79999995231628,2.79999995231628,2.79999995231628,2.70000004768372,2.8199999332428,70800,2011-02-18
AAPL,1.33928573131561,1.34375,0.902999043464661,1.33035719394684,1.34821426868439,63442400,1998-11-02
RAVN,1.625,1.66666662693024,0.0365630052983761,1.625,1.6875,115200,1993-09-27
RRC,33.4500007629395,32.310001373291,31.9823608398438,31.5499992370605,33.6800003051758,5022600,2015-10-22
CLWT,19.7450008392334,19.8549995422363,19.8549995422363,19.3600006103516,20.0750007629395,13600,2006-03-20
PEY,8.1899995803833,8.27000045776367,6.40994834899902,8.14000034332275,8.3100004196167,531100,2011-10-05
AMSWA,2,2.0625,0.973958730697632,2,2.25,141900,1998-10-15
AMSWA,7.3600001335144,7.44000005722046,5.28572750091553,7.32999992370605,7.48999977111816,47800,2011-06-07
RAVN,30.2900009155273,30.1000003814697,27.1402549743652,29.9200000762939,30.4599990844727,63200,2013-08-23
RRC,23.7999992370605,23.2399997711182,22.2937278747559,22.9266700744629,23.8266696929932,769600,2005-09-02
EGHT,3.82809996604919,3.75,3.75,3.5,3.85929989814758,183400,2000-11-08
AAPL,1.58035719394684,1.61607146263123,0.214287355542183,1.5625,1.64285719394684,116816000,1991-01-09
GHDX,29.8600006103516,29.8600006103516,29.8600006103516,29.7800006866455,30.1700000762939,49600,2013-12-24
AHH,9.55000019073486,9.59000015258789,7.55594491958618,9.46000003814697,9.59000015258789,72700,2014-07-14
CAAS,7.32999992370605,6.82000017166138,6.68314361572266,6.75,7.42000007629395,180900,2006-06-06
GHDX,31.4699993133545,31.4500007629395,31.4500007629395,30.9899997711182,31.9300003051758,229200,2016-11-23
AMSWA,10.9499998092651,10.8000001907349,9.68705654144287,10.7799997329712,10.960000038147,28800,2016-07-13
AHL,25.8700008392334,25.2399997711182,18.7516670227051,25.1900005340576,25.8700008392334,88900,2005-03-21
RRD,5,5,1.12850797176361,4.9375,5.015625,682400,1982-07-06
RRC,49.0699996948242,48.7299995422363,47.6409034729004,48.2099990844727,49.310001373291,1979000,2011-02-15
CCNE,14,14,4.83094310760498,14,14,1200,1998-11-25
AHL,28.9500007629395,28.9799995422363,24.2678298950195,28.8099994659424,29.0300006866455,487600,2010-04-14
GTN,14.8999996185303,15.25,12.3284769058228,14.8999996185303,15.5,210700,2004-01-02
RAVN,25.75,26.4200000762939,23.6418075561523,25.75,26.4300003051758,80300,2013-02-12
CLWT,4.13810014724731,4.26905012130737,4.26905012130737,3.8761899471283,4.26905012130737,1700,2002-04-23
MHD,16.7700004577637,16.4799995422363,7.03189516067505,16.4200000762939,16.7700004577637,153100,2005-07-18
GTT,12.8800001144409,13.039999961853,13.039999961853,12.7299995422363,13.1700000762939,310200,2014-12-22
FLWS,2.85999989509583,2.8199999332428,2.8199999332428,2.80999994277954,2.90000009536743,133500,2012-04-13
AHL,25.2399997711182,24.9799995422363,21.4781169891357,24.7099990844727,25.2399997711182,729200,2011-06-23
AHL,26.9099998474121,27.3700008392334,22.7963848114014,26.9099998474121,27.5400009155273,1103900,2010-01-07
AAPL,0.453125,0.44866070151329,0.0202628523111343,0.4375,0.453125,23508800,1984-07-23
CCNE,12.1000003814697,12,4.02341842651367,12,12.6000003814697,6700,1998-08-25
FLWS,12.539999961853,14.0100002288818,14.0100002288818,12.4499998092651,14.3000001907349,1040300,2001-06-28
MHF,8.5,8.5,2.05018734931946,8.5,8.625,15100,1994-10-07
RRC,89.5400009155273,90.6100006103516,89.2913055419922,89.0199966430664,90.7699966430664,1053300,2014-05-05
VIAV,72.1700820922852,74.0898742675781,74.0898742675781,71.8145599365234,75.7252578735352,1474900,1999-05-11
EGHT,2.75,2.61999988555908,2.61999988555908,2.58999991416931,2.75,445000,2011-01-19
RAVN,30.9699993133545,30.9300003051758,27.9969444274902,30.6299991607666,31.3199996948242,88300,2013-10-08
RAVN,16.3500003814697,15.7849998474121,10.7408952713013,15.5649995803833,16.3500003814697,184800,2006-05-31
OXLC,15.6800003051758,15.8299999237061,5.87145853042603,15.5299997329712,15.8500003814697,14400,2013-01-04
AMSWA,10.8999996185303,10.8199996948242,9.8030252456665,10.7700004577637,10.9399995803833,26600,2016-09-29
CLWT,12.8699998855591,12.6499996185303,12.6499996185303,12.4849996566772,12.9799995422363,1900,2008-03-03
BRFS,5.9225001335144,5.84999990463257,5.03645610809326,5.75500011444092,5.94999980926514,6014800,2006-10-27
AAPL,25.0400009155273,24.8199996948242,16.6790180206299,24.6785717010498,25.1785717010498,107846200,2008-08-28
RAVN,27.7150001525879,26.75,22.871395111084,26.5499992370605,28.2749996185303,157600,2011-03-10
BRFS,12.8175001144409,12.9899997711182,11.4496364593506,12.5825004577637,13.0249996185303,585600,2008-03-25
FLWS,3.42000007629395,3.34999990463257,3.34999990463257,3.25999999046326,3.45000004768372,177800,2012-06-28
AMSWA,8.88000011444092,9,8.07254600524902,8.84000015258789,9.13000011444092,32300,2016-05-18
AMSWA,5.80000019073486,5.96999979019165,3.11293196678162,5.75,6.03999996185303,71000,2005-09-08
APO,11,10.3500003814697,7.16911602020264,10.289999961853,11.1700000762939,384800,2011-09-22
GTN,15.4399995803833,15.8599996566772,15.8599996566772,15.3199996948242,15.9700002670288,234100,2015-12-24
FLWS,3.80999994277954,3.55999994277954,3.55999994277954,3.5,3.86999988555908,112700,2009-01-12
AAPL,0.37053570151329,0.368303567171097,0.0166336912661791,0.368303567171097,0.372767865657806,30139200,1985-05-22
RRC,69.870002746582,68.5,67.1201477050781,67.879997253418,72.7200012207031,3206700,2011-11-17
MHF,9.875,9.875,2.12981748580933,9.875,10,22500,1993-04-01
BRFS,14,13.8400001525879,13.8400001525879,13.8199996948242,14.0299997329712,2357400,2017-10-20
CLWT,3.23000001907349,3.34999990463257,3.34999990463257,3.23000001907349,3.34999990463257,1900,2017-08-01
RRC,5.08333015441895,5.08333015441895,4.46045970916748,4.91666984558105,5.16666984558105,32100,1994-10-28
VIAV,624.004577636719,598.976135253906,598.976135253906,582.195678710938,639.362915039062,14226200,2000-07-24
RAVN,16.6200008392334,18.1399993896484,17.1272621154785,16.6200008392334,18.3799991607666,284100,2015-11-24
RAVN,21.375,19.8850002288818,14.0635251998901,19.7199993133545,21.375,194200,2007-11-01
AMSWA,5.75,5.69000005722046,2.96693181991577,5.65000009536743,5.84000015258789,12200,2005-08-26
AHL,22.8999996185303,23.2099990844727,17.8895263671875,22.8999996185303,23.3400001525879,205600,2006-08-14
CAAS,8.8100004196167,8.72999954223633,8.5548152923584,8.6899995803833,8.92000007629395,65300,2007-03-23
GTT,24.6200008392334,24.2600002288818,24.2600002288818,24.0799999237061,24.6900005340576,80200,2015-08-19
CLWT,3.51999998092651,3.28999996185303,3.28999996185303,3.25,3.72000002861023,24800,2013-09-13
AHL,25.6000003814697,25.3299999237061,19.5235557556152,25.1800003051758,25.6100006103516,725000,2006-10-27
GHDX,27.0900001525879,27.2399997711182,27.2399997711182,26.9300003051758,27.3500003814697,244200,2015-05-22
RAVN,1.27777779102325,1.28472220897675,0.0198007877916098,1.27777779102325,1.28472220897675,127200,1992-03-09
GTS,20.0699996948242,20.0699996948242,20.0699996948242,19.8700008392334,20.2700004577637,105300,2015-03-30
AMSWA,3.92592597007751,3.77777767181396,1.43264544010162,3.77777767181396,3.92592597007751,32400,1985-08-22
PEZ,28.75,28.3299999237061,26.4806041717529,28.3299999237061,28.75,13000,2007-07-24
BRFS,3.64166665077209,3.66666674613953,1.8417774438858,3.64166665077209,3.75,74400,2005-02-11
RAVN,20.5,21.1749992370605,14.9758625030518,20.25,21.1749992370605,195600,2007-10-23
CCNE,14.1400003433228,13.8500003814697,7.88253831863403,13.8100004196167,14.1400003433228,14100,2004-06-14
AAPL,1.50892853736877,1.59375,1.07099890708923,1.50446426868439,1.60267853736877,147673400,2000-11-02
OXLC,15.9799995422363,16.0400009155273,5.3435378074646,15.9099998474121,16.1599998474121,1900,2012-03-21
CCNE,6.15000009536743,6.15000009536743,1.65321910381317,6.15000009536743,6.15000009536743,500,1996-02-28
AHH,15.6400003433228,15.6199998855591,15.6199998855591,15.5699996948242,15.75,235500,2018-08-09
MHF,10.0625,10,3.05813670158386,9.9375,10.0625,37800,1998-03-04
FLWS,3.6800000667572,3.77999997138977,3.77999997138977,3.66000008583069,3.77999997138977,195300,2012-08-20
DSKE,12.6400003433228,13.3199996948242,13.3199996948242,12.6199998855591,13.3199996948242,181200,2018-02-06
EGHT,0.930000007152557,0.980000019073486,0.980000019073486,0.930000007152557,1,119200,2008-03-18
GHDX,29.6599998474121,29.6800003051758,29.6800003051758,29.3899993896484,29.8400001525879,224500,2012-03-02
GTT,10.960000038147,10.8699998855591,10.8699998855591,10.75,11.2700004577637,64800,2014-08-07
GTS,19.7999992370605,20,20,19.6800003051758,20.0799999237061,33900,2012-08-10
MHD,14.6000003814697,14.4200000762939,5.61323976516724,14.3500003814697,14.6000003814697,83200,2004-04-14
AAPL,84.4828567504883,81.8542861938477,55.0060234069824,81.4885711669922,84.9457168579102,257746300,2012-04-20
AAPL,0.598214268684387,0.598214268684387,0.401999562978745,0.589285731315613,0.598214268684387,34983200,1997-01-30
RAVN,1.70833337306976,1.85416662693024,0.0427272543311119,1.70833337306976,1.85416662693024,156800,1994-03-07
AAPL,0.75,0.667410731315613,0.448499619960785,0.660714268684387,0.767857134342194,349560400,1997-11-10
AMSWA,7.5,7.75,3.3061306476593,7.5,7.875,285300,1992-10-21
AAPL,1.20535719394684,1.20982146263123,0.5349240899086,1.19196426868439,1.21875,27272000,1994-09-27
GTN,11.1899995803833,10.960000038147,10.960000038147,10.8500003814697,11.2299995422363,373700,2014-12-19
EGHT,1.22000002861023,1.25999999046326,1.25999999046326,1.22000002861023,1.32000005245209,259100,2007-08-17
RAVN,0.402777791023254,0.402777791023254,4.78559595649131e-05,0.395833343267441,0.402777791023254,166400,1984-01-13
RAVN,1.26041662693024,1.26041662693024,0.0227461028844118,1.25,1.26041662693024,64800,1992-10-26
RAVN,0.434027791023254,0.434027791023254,0.00197036098688841,0.434027791023254,0.434027791023254,4800,1988-11-25
CCNE,12.3999996185303,12.3999996185303,6.27001857757568,12.3999996185303,12.3999996185303,5500,2002-11-15
GTT,18.75,19.0799999237061,19.0799999237061,18.1700000762939,19.0900001525879,133200,2015-05-08
AMSWA,2.49000000953674,2.47000002861023,1.16638898849487,2.47000002861023,2.50999999046326,5200,2002-11-04
RRC,27.7099990844727,26.7600002288818,25.7555027008057,26.6100006103516,27.7099990844727,783800,2006-08-14
CRCM,15.2200002670288,15.2600002288818,15.2600002288818,15.0200004577637,15.3400001525879,99300,2017-06-28
AAPL,1.00446426868439,0.982142865657806,0.659999370574951,0.982142865657806,1.01339280605316,39110400,1996-02-16
BRFS,4.75,4.98750019073486,3.4369523525238,4.75,4.98750019073486,55200,2005-10-14
RAVN,33.8699989318848,33.2900009155273,29.5684394836426,33.0699996948242,33.8899993896484,87300,2012-08-07
PEY,16.9300003051758,17.0100002288818,16.0695152282715,16.9300003051758,17.0599994659424,166100,2017-01-20
RAVN,1.75,1.75,0.0424339286983013,1.75,1.75,3200,1994-05-17
RRC,28.5599994659424,28.5,27.4301872253418,28.3799991607666,29,709900,2006-08-09
EGHT,14.25,14.25,14.25,14.0500001907349,14.3000001907349,274000,2017-07-14
BRFS,24.8700008392334,24.3299999237061,23.2817249298096,24.2800006866455,24.8799991607666,1207700,2014-09-17
AAPL,1.64285719394684,1.6875,0.145218342542648,1.60714280605316,1.74107146263123,62510000,1989-10-17
RRD,4.984375,5,1.12850797176361,4.984375,5.03125,553600,1981-04-08
EGHT,4.04680013656616,3.9375,3.9375,3.75,4.15619993209839,228800,2000-11-01
PEZ,19.6900005340576,19.6000003814697,18.5611190795898,19.6000003814697,19.6900005340576,1100,2009-10-20
MHF,8.75,8.625,2.35000872612,8.625,8.75,5700,1996-06-17
AAPL,1.78571426868439,1.76785719394684,0.286304980516434,1.75892853736877,1.8125,21915600,1991-09-23
OXLC,10.9200000762939,10.9200000762939,8.77699947357178,10.8599996566772,10.9300003051758,111200,2017-05-31
FLWS,11.625,11,11,10.75,11.75,229700,2000-02-14
MHD,16.1499996185303,16.0400009155273,10.4309253692627,16.0400009155273,16.1499996185303,11600,2011-11-09
RAVN,1.45833337306976,1.41666662693024,0.0255658347159624,1.41666662693024,1.45833337306976,82400,1992-11-19
MHD,13.625,13.5625,4.09377574920654,13.5625,13.625,4600,2000-07-24
FLWS,6.15999984741211,6.34999990463257,6.34999990463257,6.15000009536743,6.34999990463257,319100,2006-06-06
OXLC,19.9599990844727,19.4500007629395,5.69034910202026,19.4500007629395,19.9599990844727,3700,2011-05-31
GTN,8.27999973297119,8.27000045776367,6.62741470336914,8.25,8.34000015258789,174500,2002-10-21
AMSWA,2.51999998092651,2.54999995231628,1.20416712760925,2.50999999046326,2.66000008583069,32300,2002-01-10
RAVN,16.2099990844727,16.4300003051758,15.7721881866455,16.0400009155273,16.8600006103516,130700,2016-04-26
MHF,8.875,8.875,2.37628483772278,8.875,8.875,13800,1996-03-13
RRC,74.7099990844727,74.1699981689453,72.9446792602539,73.6399993896484,75.7099990844727,1906100,2013-04-29
BRFS,13.0100002288818,13.0500001907349,13.0500001907349,12.9099998474121,13.1400003433228,1017200,2017-11-06
ISTR,15.8999996185303,15.5249996185303,15.3485765457153,15.5249996185303,15.9399995803833,900,2015-07-07
RAVN,1.34375,1.33333337306976,0.133113294839859,1.33333337306976,1.34375,58400,1998-11-05
RRD,3.53125,3.5625,0.80406242609024,3.53125,3.59375,27200,1980-06-05
AAPL,5.26999998092651,5.32000017166138,3.57503581047058,5.25571441650391,5.33285713195801,81561900,2005-05-06
EGHT,3.19000005722046,3.28999996185303,3.28999996185303,3.08999991416931,3.29999995231628,991600,2004-10-21
EGHT,13.8000001907349,14.1499996185303,14.1499996185303,13.6499996185303,14.1999998092651,654100,2017-08-31
GTN,2.11999988555908,2.11999988555908,2.11999988555908,2.11999988555908,2.35999989509583,822700,2010-03-19
RRC,4.03332996368408,4.21332979202271,4.01058006286621,4,4.2733302116394,687900,2003-06-02
AMSWA,4,3.75,1.77083432674408,3.625,4,221900,1995-03-06
BRFS,6.37583351135254,6.51249980926514,5.35630464553833,6.37583351135254,6.54083347320557,85200,2006-01-24
RAVN,25.9799995422363,26.3799991607666,24.2658672332764,25.75,26.5100002288818,102800,2014-11-06
EGHT,2.26999998092651,2.22000002861023,2.22000002861023,2.22000002861023,2.26999998092651,551400,2010-12-27
RAVN,1.5,1.5,0.13375885784626,1.5,1.5,5600,1998-09-10
RRC,3.91667008399963,3.875,3.67864513397217,3.75,3.95832991600037,143700,1999-07-19
EGHT,7.85930013656616,7.8125,7.8125,7.6875,8.1875,111200,2000-08-08
EGHT,4.01000022888184,3.82999992370605,3.82999992370605,3.67000007629395,4.01000022888184,1134600,2011-10-21
GHDX,9.85999965667725,10,10,9.80000019073486,10,20000,2005-12-22
FLWS,8.52999973297119,8.39000034332275,8.39000034332275,8.3100004196167,8.60999965667725,128400,2008-04-18
BRFS,17.6900005340576,17.6599998474121,15.9516630172729,17.4400005340576,17.9300003051758,1199000,2011-02-25
RAVN,11.3725004196167,11.25,7.40849828720093,11.1850004196167,11.3725004196167,214400,2004-10-06
PEY,11.9899997711182,11.9700002670288,10.2419109344482,11.9499998092651,12.0200004577637,87900,2014-03-27
MHD,15.1300001144409,15.1300001144409,9.55368900299072,15.0299997329712,15.1400003433228,20100,2011-06-02
AMSWA,2.9300000667572,2.96000003814697,1.39777827262878,2.89000010490417,3.04999995231628,19300,2003-01-24
AMSWA,17.5,17.375,7.27863502502441,17,17.5,121900,1992-01-22
AAPL,41.997142791748,41.5942840576172,27.9513320922852,41.5728569030762,42.1042861938477,120708700,2010-09-27
RAVN,0.354166656732559,0.347222208976746,4.12551125918981e-05,0.347222208976746,0.354166656732559,8000,1984-03-05
CLWT,22.3299999237061,21.6333293914795,21.6333293914795,20.9733295440674,22.9166698455811,15000,2004-04-08
AAPL,1.16071426868439,1.1875,0.422037452459335,1.125,1.19642853736877,52264800,1994-03-31
GHDX,29.7000007629395,29.3700008392334,29.3700008392334,29.2299995422363,29.7000007629395,100200,2017-05-23
GTT,1.29999995231628,1.28999996185303,1.28999996185303,1.28999996185303,1.32000005245209,1006500,2009-09-11
RAVN,1.625,1.70833337306976,0.0575706101953983,1.625,1.70833337306976,92000,1995-07-10
AMSWA,7.75,8.375,3.41703295707703,7.75,8.75,178900,1990-10-17
MHD,12.5,12.5,3.72798275947571,12.5,12.5625,33700,2000-05-31
FLWS,2.09999990463257,2.07999992370605,2.07999992370605,2.00999999046326,2.14000010490417,288500,2010-11-22
AMSWA,6.125,6.5,3.06944417953491,6.125,6.5,177500,1995-12-29
APO,22.1499996185303,22.2099990844727,15.8010768890381,21.5699996948242,22.4699993133545,634400,2013-02-04
RAVN,14.789999961853,14.6499996185303,11.6675443649292,14.4799995422363,14.789999961853,80400,2010-02-26
AMSWA,2.95000004768372,2.64000010490417,1.24666714668274,2.5,2.95000004768372,116300,2001-12-17
AAPL,1.24776780605316,1.25,0.839999258518219,1.22321426868439,1.27232146263123,70182000,1998-07-22
EGHT,2.21000003814697,2.15000009536743,2.15000009536743,2.10999989509583,2.21000003814697,1249100,2005-03-07
AAPL,25.081428527832,25.0557136535645,16.8374195098877,24.831428527832,25.4014282226562,138003600,2008-08-18
EGHT,2.90000009536743,2.84999990463257,2.84999990463257,2.82999992370605,2.96000003814697,684000,2011-05-17
AMSWA,7.125,6.4375,3.03993153572083,6.375,7.375,720800,1995-11-21
RRC,36.3300018310547,34.7900009155273,33.7671852111816,34.5,36.3300018310547,2692400,2009-01-12
RRC,6,5.91666984558105,5.19168853759766,5.91666984558105,6.25,119500,1993-08-30
AAPL,61.3514289855957,60.9014282226562,47.6085662841797,60.7814292907715,61.3928565979004,51949100,2013-07-22
AAPL,9.03714275360107,9.21571445465088,6.19295358657837,8.97428607940674,9.2685718536377,246466500,2006-05-19
EGHT,8.01000022888184,7.92000007629395,7.92000007629395,7.92000007629395,8.09000015258789,388800,2015-09-09
GTN,0.75,0.75,0.75,0.709999978542328,0.769999980926514,992700,2009-05-15
MHD,16.7199993133545,16.8099994659424,16.1193962097168,16.7199993133545,16.8199996948242,14200,2017-12-06
CLWT,3.13000011444092,3.27999997138977,3.27999997138977,3.13000011444092,3.32999992370605,6700,2013-10-02
OXLC,15.5,15.6499996185303,7.73623657226562,15.5,15.6499996185303,96500,2015-03-11
AAPL,1.32142853736877,1.30357146263123,0.87599903345108,1.2985714673996,1.36285710334778,87053400,2001-09-04
RAVN,0.579861104488373,0.576388895511627,0.00371473515406251,0.576388895511627,0.579861104488373,33600,1989-03-27
PEZ,21.5799999237061,21.5900001525879,20.2153930664062,21.5799999237061,21.6200008392334,2400,2008-01-14
PEZ,22.2900009155273,22.2900009155273,20.8708229064941,22.2900009155273,22.4899997711182,11400,2008-05-22
AAPL,64.3171463012695,64.6757125854492,48.2318725585938,64.3000030517578,65.4257125854492,95813900,2013-03-21
AMSWA,2.5,2.4375,1.1510421037674,2.375,2.5625,90300,1998-09-29
MHD,16.1000003814697,16.0400009155273,14.6067686080933,15.8599996566772,16.1000003814697,67300,2016-12-15
MHF,9.25,9.25,1.76889109611511,9.25,9.375,22300,1991-07-31
RAVN,0.340277791023254,0.336805552244186,0.00013383079203777,0.336805552244186,0.340277791023254,4800,1985-10-16
MHD,11.8125,11.8125,3.62369680404663,11.625,11.875,28400,2000-10-13
PEZ,45.3499984741211,45.6300010681152,44.9297866821289,45.3499984741211,45.6599998474121,17700,2015-11-20
BRFS,19.7600002288818,19.8899993896484,18.188138961792,19.7199993133545,20.2299995422363,2145300,2011-10-19
EGHT,5.75,5.75,5.75,5.375,6,113400,2000-10-23
GTT,11.4099998474121,11.460000038147,11.460000038147,10.960000038147,11.539999961853,97100,2014-06-12
AAPL,0.40625,0.412946432828903,0.0186498928815126,0.40178570151329,0.421875,29467200,1983-09-30
GTN,13.8999996185303,13.75,13.75,13.5500001907349,14.0500001907349,681000,2017-09-11
FLWS,5.6875,5.625,5.625,5.5,5.8125,78200,2000-06-19
PEZ,23.3500003814697,23.3299999237061,22.173656463623,23.2999992370605,23.3700008392334,2900,2010-10-18
CLWT,17.875,17.6550006866455,17.6550006866455,17.3250007629395,18.1499996185303,8400,2005-02-22
AHL,26.5499992370605,26.5499992370605,19.9348850250244,26.2000007629395,26.6000003814697,477000,2005-11-09
FLWS,4.73000001907349,4.55000019073486,4.55000019073486,4.53000020980835,4.82999992370605,155800,2008-11-10
VIAV,86.7462997436523,85.3242340087891,85.3242340087891,84.0443649291992,87.4573364257812,1066400,1999-06-24
MHF,9.75,9.75,3.0301353931427,9.6875,9.75,6300,1998-06-16
CAAS,5.78000020980835,5.71999979019165,5.60521697998047,5.59999990463257,5.94000005722046,68600,2008-07-14
GHDX,31.1200008392334,31.3099994659424,31.3099994659424,30.7600002288818,31.8700008392334,578400,2014-12-19
ISTR,22.8999996185303,23,22.8778419494629,22.8999996185303,23,3800,2017-09-19
AAPL,2.75223207473755,2.78125,1.86899781227112,2.71651792526245,2.82142853736877,126022400,1999-10-28
RRC,12.5600004196167,13.1400003433228,13.1067361831665,12.460000038147,13.1899995803833,9274100,2018-02-14
AAPL,12.8842859268188,12.9614286422729,8.71007061004639,12.8199996948242,13.0785713195801,154509600,2009-01-27
GTT,2.20000004768372,2.25,2.25,2.09999990463257,2.25,7800,2012-05-14
RRC,33.4799995422363,29.8999996185303,29.643461227417,29.6900005340576,33.5,6410800,2016-03-08
APO,13.4300003051758,13.5799999237061,11.2513208389282,13.1400003433228,13.8900003433228,1153600,2016-02-01
RAVN,9.86499977111816,9.69499969482422,6.32032680511475,9.49499988555908,9.875,142800,2004-08-23
BRFS,13.6700000762939,13.6899995803833,13.5134677886963,13.539999961853,13.789999961853,1261400,2016-04-05
MHD,16.7399997711182,16.7099990844727,7.69846200942993,16.6800003051758,16.7600002288818,9400,2006-10-31
AMSWA,5.73000001907349,5.76000022888184,3.34109330177307,5.44999980926514,5.76000022888184,151800,2008-03-13
RAVN,23.0400009155273,22.4699993133545,16.2463722229004,22,23.9099998474121,174200,2008-09-22
GHDX,16.5,16.4699993133545,16.4699993133545,16.3999996185303,16.5799999237061,37400,2009-07-14
RAVN,1.25,1.22222220897675,0.0220568086951971,1.22222220897675,1.25,156000,1992-09-28
RAVN,13.1199998855591,12.9949998855591,10.2596950531006,12.710000038147,13.4899997711182,142600,2009-11-12
CLWT,13.8507299423218,13.0112895965576,13.0112895965576,12.8014297485352,14.9000301361084,2100,1997-10-03
GHDX,29.0100002288818,28.2800006866455,28.2800006866455,28.1200008392334,29.1900005340576,116500,2014-09-15
MHF,8.25,8.25,2.01625084877014,8.25,8.375,16500,1994-12-09
PEZ,21.2900009155273,22.2999992370605,20.8801898956299,21.1200008392334,22.3799991607666,14500,2008-01-23
AAPL,88.7771453857422,88.1185684204102,61.0423812866211,87.2342834472656,89.5071411132812,139631800,2012-10-24
CLWT,4.42999982833862,4.40000009536743,4.40000009536743,4.40000009536743,5.17999982833862,80000,2014-01-16
MHD,14.539999961853,14.6099996566772,10.961597442627,14.5299997329712,14.6400003433228,63100,2013-12-04
RRC,11.1999998092651,11.1866703033447,10.6776113510132,10.9333295822144,11.2666702270508,1257100,2004-08-02
CLWT,5.82000017166138,5.96000003814697,5.96000003814697,5.80000019073486,6.23999977111816,73300,2014-02-27
RAVN,0.139755561947823,0.139755561947823,1.66050285770325e-05,0.139755561947823,0.139755561947823,7200,1981-01-23
NSEC,2.5,2.5,0.564313650131226,2.5,2.70833325386047,34500,1981-03-19
PEY,13.960000038147,14.1300001144409,9.18765258789062,13.8199996948242,14.1599998474121,127100,2008-02-01
AMSWA,4,4.03703689575195,1.53096461296082,3.77777767181396,4.03703689575195,644100,1986-06-20
GTN,12.0200004577637,11.789999961853,11.789999961853,11.7700004577637,12.1099996566772,338100,2014-06-17
AHL,24.8999996185303,24.5499992370605,18.1348991394043,24.5100002288818,24.9500007629395,45600,2005-02-10
FLWS,5.625,5.5,5.5,5.5,5.75,96000,2000-07-11
PEY,18.0400009155273,18.1399993896484,18.0839996337891,18.0300006866455,18.1599998474121,63800,2018-08-17
AMSWA,5.75,5.75,2.7152783870697,5.75,6,15700,1996-12-03
CLWT,6.88810014724731,7.96190023422241,7.96190023422241,6.88810014724731,8.77381038665771,10400,2003-07-17
AAPL,1.0625,1.0625,0.713999330997467,1.04017853736877,1.08928573131561,113078000,2001-01-02
FLWS,1.9099999666214,1.89999997615814,1.89999997615814,1.87000000476837,1.92999994754791,147800,2010-02-17
RAVN,11.9750003814697,11.9650001525879,8.02314186096191,11.7200002670288,12.25,162800,2005-08-22
AAPL,0.953125,0.941964268684387,0.632999360561371,0.928571403026581,0.959821403026581,53869200,1998-03-20
PEZ,43.2400016784668,43.439998626709,43.0439491271973,43.2200012207031,43.5200004577637,2800,2016-08-18
MHD,12.4099998474121,12.4899997711182,6.83696889877319,12.3100004196167,12.5,23400,2009-06-15
GTN,7.01000022888184,7.1100001335144,7.1100001335144,6.90999984741211,7.17999982833862,507000,2013-08-12
AHL,26.8299999237061,27.1700000762939,21.2950077056885,26.7299995422363,27.1700000762939,636500,2007-06-08
CAAS,15,14.8900003433228,14.5912036895752,14.6000003814697,15,213500,2010-12-02
GTT,2.75,2.79999995231628,2.79999995231628,2.75,2.79999995231628,4800,2012-12-31
MHF,8.75,8.75,2.20597219467163,8.75,8.75,12300,1995-05-09
RAVN,0.381944447755814,0.381944447755814,4.53806424047798e-05,0.381944447755814,0.385416656732559,15200,1983-12-21
GTS,16.75,16.4300003051758,16.4300003051758,16.25,16.75,142500,2008-07-14
PEY,15.3500003814697,15.4099998474121,9.45300388336182,15.3500003814697,15.4399995803833,138000,2006-09-18
AMSWA,9.89000034332275,9.93000030517578,7.92102432250977,9.80000019073486,9.97999954223633,219700,2014-01-28
RRC,58.2700004577637,59.1699981689453,57.2824630737305,55.560001373291,59.3199996948242,2678000,2008-03-20
AHL,25.8500003814697,25.3999996185303,18.6933422088623,25.3999996185303,25.8500003814697,238800,2004-04-13
BRFS,9.15499973297119,9.02999973297119,7.85000085830688,8.94999980926514,9.19750022888184,244400,2007-06-25
RAVN,17.8050003051758,17.1599998474121,13.935736656189,16.9500007629395,17.8500003814697,158000,2010-06-29
PEY,9.69999980926514,9.63000011444092,7.76562976837158,9.63000011444092,9.72000026702881,101900,2012-10-12
AHH,9.69999980926514,9.63000011444092,7.46345853805542,9.57999992370605,9.77999973297119,61200,2014-04-25
FLWS,5.34999990463257,5.19999980926514,5.19999980926514,5.17000007629395,5.34999990463257,117200,2006-09-26
CLWT,10.1750001907349,10.2299995422363,10.2299995422363,9.68000030517578,10.3950004577637,8000,2010-10-13
RAVN,1.11979162693024,1.125,0.261041820049286,1.11458337306976,1.125,542400,2000-05-31
CLWT,3.09999990463257,3.39000010490417,3.39000010490417,3.03999996185303,3.39000010490417,2600,2012-03-05
CAAS,4.80000019073486,4.32000017166138,4.23331117630005,4.32000017166138,4.80000019073486,7500,2004-10-07
AHL,26.0799999237061,26.25,20.2326545715332,26.0499992370605,26.2999992370605,131200,2006-11-13
BRFS,6.96000003814697,6.77500009536743,6.02220964431763,6.73250007629395,7.0475001335144,564800,2009-04-23
AAPL,1.08482146263123,1.09375,0.734999358654022,1.02232146263123,1.11607146263123,183937600,1996-01-26
AAPL,0.357142865657806,0.357142865657806,0.0161296371370554,0.352678567171097,0.361607134342194,62787200,1985-12-13
AAPL,1.41964280605316,1.46428573131561,0.0798566341400146,1.41964280605316,1.48214280605316,57120000,1988-02-10
AAPL,26.252857208252,26.4371433258057,17.7657413482666,26.1528568267822,26.6428565979004,224771400,2008-05-08
AMSWA,5.26999998092651,5.21000003814697,2.68413925170898,5.15000009536743,5.26999998092651,44400,2005-06-08
MHD,15.9300003051758,15.8299999237061,10.2343492507935,15.8199996948242,15.9499998092651,22600,2011-09-22
AMSWA,10,10.0500001907349,5.65588903427124,9.90999984741211,10.1000003814697,186800,2007-06-04
RAVN,1.9375,1.89583337306976,0.110661797225475,1.89583337306976,1.9375,10400,1997-04-22
RRC,12.6999998092651,12.9866695404053,12.4073753356934,12.6933298110962,13.0333299636841,759900,2004-12-03
RRC,5.33333015441895,5.16666984558105,4.53359031677246,4.91666984558105,5.33333015441895,49500,1994-05-31
AAPL,113.5,114.629997253418,107.279541015625,112.75,115.75,59348900,2014-12-02
GTT,22.4300003051758,22.0900001525879,22.0900001525879,21.9099998474121,22.5200004577637,75600,2015-09-03
VIAV,4.613196849823,4.69283294677734,4.69283294677734,4.56200218200684,4.76109218597412,6611300,2010-01-27
RAVN,1.10416662693024,1.11805558204651,0.0162027105689049,1.10416662693024,1.11805558204651,32000,1991-12-04
CAAS,6.96000003814697,7.05999994277954,6.91832733154297,6.94999980926514,7.07999992370605,33100,2007-09-18
AHL,24,23.9799995422363,17.6918048858643,23.9500007629395,24.0200004577637,13400,2004-09-13
OXLC,11.3500003814697,11.3999996185303,8.22327613830566,11.3500003814697,11.4700002670288,430800,2016-12-13
GHDX,18.8400001525879,19.3700008392334,19.3700008392334,18.6399993896484,19.3999996185303,118800,2009-11-03
RRC,22.7999992370605,21.6399993896484,21.5350074768066,21.6100006103516,22.9099998474121,6533100,2017-07-20
AMSWA,5.125,5.5,2.59722256660461,5.125,6,50100,1998-08-06
RAVN,20.3400001525879,19.9400005340576,18.564525604248,19.9300003051758,20.3400001525879,150400,2015-04-30
RRC,33,33.0200004577637,31.8696231842041,32.689998626709,33.2999992370605,996100,2007-03-28
CLWT,4.59000015258789,4.3899998664856,4.3899998664856,4.30000019073486,4.59000015258789,7700,2012-04-12
ISTR,22.9500007629395,23.0499992370605,22.9052543640137,22.75,23.0499992370605,43400,2017-06-15
MHD,15.3100004196167,15.3299999237061,11.652626991272,15.2700004577637,15.3299999237061,14500,2014-01-29
RAVN,19.4400005340576,19.2299995422363,17.9035015106201,19.0799999237061,19.6800003051758,186800,2015-05-21
ISTR,15.3800001144409,15.1999998092651,15.0195579528809,15.1999998092651,15.6000003814697,3400,2015-06-30
EGHT,0.239999994635582,0.270000010728836,0.270000010728836,0.239999994635582,0.270000010728836,10500,2003-04-16
OXLC,14.4700002670288,14.2299995422363,7.61162996292114,14.2299995422363,14.5,93000,2015-07-22
GTT,21.5400009155273,21.9300003051758,21.9300003051758,21.5200004577637,21.9400005340576,66600,2016-09-12
PEY,14.3800001144409,14.289999961853,8.41645050048828,14.2799997329712,14.4300003051758,111500,2005-10-18
GTT,29.6499996185303,29.2000007629395,29.2000007629395,28.7000007629395,29.75,298400,2017-08-21
AAPL,1.26785719394684,1.28571426868439,0.0658441409468651,1.24107146263123,1.33035719394684,58520000,1987-11-04
AAPL,23.5171432495117,23.5971431732178,15.8572635650635,23.4442863464355,23.9442863464355,91062300,2009-09-02
AHL,28.6000003814697,29.0799999237061,24.7448425292969,28.5900001525879,29.1299991607666,665600,2010-11-10
MHD,14.3500003814697,14.2700004577637,8.95524311065674,14.2399997711182,14.3599996566772,16300,2011-04-15
VIAV,9.95449352264404,10.2502841949463,10.2502841949463,9.95449352264404,10.5176334381104,4869300,2006-12-07
RAVN,14.6300001144409,14.7749996185303,11.7670965194702,14.5349998474121,14.7799997329712,86200,2010-03-16
RAVN,1.625,1.625,0.0478268377482891,1.58333337306976,1.625,118400,1995-01-11
MHF,9.75,9.75,2.01868915557861,9.75,9.875,12000,1992-09-15
AAPL,1.53125,1.51785719394684,0.793616056442261,1.51785719394684,1.53571426868439,30447200,1995-02-17
MHD,16.4599990844727,16.4699993133545,13.1646118164062,16.3700008392334,16.4699993133545,28300,2014-10-30
AHH,13.5500001907349,13.5900001525879,12.8696146011353,13.4799995422363,13.6000003814697,242500,2017-09-19
OXLC,11,11.039999961853,8.40601444244385,10.9300003051758,11.1499996185303,312300,2017-02-02
MHF,9.625,9.625,1.55831849575043,9.625,9.75,5800,1989-01-03
RRC,2.25,2.29167008399963,2.13069438934326,2.16667008399963,2.33332991600037,445200,1998-12-04
ISTR,23.25,23.0499992370605,22.9275741577148,22.2000007629395,23.2999992370605,7200,2017-07-26
FLWS,5.32999992370605,5.21999979019165,5.21999979019165,5.11999988555908,5.32999992370605,304900,2014-01-03
RRD,4.53125,4.53125,1.02271103858948,4.53125,4.546875,7200,1981-08-05
EGHT,9.0625,8.78120040893555,8.78120040893555,8.5625,9.0625,50800,2000-09-21
FLWS,7.1100001335144,7.05000019073486,7.05000019073486,7.05000019073486,7.19000005722046,61000,2005-07-14
GTN,13.5,13.7399997711182,11.1543607711792,13.3000001907349,13.8199996948242,61900,2004-08-31
RRC,56.7200012207031,57.7599983215332,56.6330451965332,56.3400001525879,58.060001373291,2140200,2012-01-30
NSEC,2.63888883590698,2.63888883590698,0.595664381980896,2.63888883590698,2.91666674613953,1400,1980-06-05
GTN,7.57999992370605,7.01999998092651,6.79129934310913,6.92000007629395,7.67999982833862,390300,2007-11-19
RRC,47,46.7799987792969,45.6049537658691,46.0200004577637,47.1599998474121,2269900,2010-03-30
AAPL,0.504464268684387,0.491071432828903,0.0221782550215721,0.486607134342194,0.506696403026581,18530400,1984-08-29
GTN,12.6000003814697,12.3000001907349,12.3000001907349,12.1999998092651,12.75,1046000,2017-05-25
AFSI,3.26446270942688,3.50413227081299,2.38526892662048,3.16115713119507,3.53305792808533,650400,2008-11-25
AAPL,0.598214268684387,0.587053596973419,0.026513084769249,0.587053596973419,0.600446403026581,37245600,1986-10-20
PEY,15.8400001525879,15.8699998855591,9.96628093719482,15.710000038147,15.8900003433228,129400,2007-05-01
CCNE,6.84999990463257,6.84999990463257,1.97833597660065,6.84999990463257,6.84999990463257,500,1996-09-24
FLWS,9.26000022888184,9.19999980926514,9.19999980926514,9.10000038146973,9.26000022888184,67500,2016-10-06
RAVN,18.6000003814697,18.6499996185303,17.4800415039062,18.4899997711182,18.75,141000,2015-08-19
RRC,62.9799995422363,64.4300003051758,63.0919036865234,62.9599990844727,64.629997253418,2532400,2011-07-22
MHD,13.2399997711182,13.3299999237061,4.22177171707153,13.2399997711182,13.3299999237061,26500,2001-05-10
AAPL,107.25,105.519996643066,102.146476745605,105.23999786377,107.269996643066,53002000,2016-09-08
GTS,18.4300003051758,18.3799991607666,18.3799991607666,18.2900009155273,18.6700000762939,61000,2010-04-27
AMSWA,3.77777767181396,3.77777767181396,1.4539338350296,3.77777767181396,3.88888883590698,87300,1987-11-24
MHF,9.0625,9.0625,3.0076425075531,9,9.125,24400,1999-07-07
FLWS,3.0625,2.875,2.875,2.75,3.0625,105400,2000-11-10
RRC,5.32000017166138,5,4.75939178466797,4.73332977294922,5.32000017166138,2613900,2003-10-30
CLWT,18.4249992370605,18.3150005340576,18.3150005340576,18.2600002288818,18.4799995422363,2600,2006-05-01
RAVN,1.45833337306976,1.45833337306976,0.0583566725254059,1.40625,1.45833337306976,41600,1996-02-29
MHF,9.125,9.375,1.63221752643585,9.125,9.375,17700,1990-05-24
VIAV,9.67007923126221,9.40272998809814,9.40272998809814,9.38566589355469,9.70989799499512,13537400,2011-06-15
CAAS,7.01999998092651,6.96000003814697,6.82033443450928,6.65000009536743,7.19999980926514,79600,2006-09-07
RRD,8.234375,8.203125,1.85145854949951,8.15625,8.234375,183200,1983-02-14
GTT,0.560000002384186,0.560000002384186,0.560000002384186,0.560000002384186,0.560000002384186,200,2008-06-12
FLWS,10.2600002288818,10.5,10.5,10.25,10.5500001907349,275500,2004-04-02
MHF,9.625,9.625,1.59991991519928,9.5,9.625,11600,1989-11-15
PEY,8.72000026702881,8.64000034332275,6.52648305892944,8.64000034332275,8.72999954223633,115000,2011-01-31
BRFS,16.4699993133545,16.8199996948242,15.6080856323242,16.4699993133545,16.8500003814697,2743800,2012-09-12
VIAV,1.84869170188904,1.83091580867767,1.83091580867767,1.81313991546631,1.9197952747345,1141900,1994-10-27
GTT,6.44999980926514,7,7,6.36999988555908,7.48000001907349,178100,2013-12-17
AAPL,1.36160719394684,1.37053573131561,0.716588735580444,1.35267853736877,1.40625,52203200,1995-04-17
BRFS,7.55000019073486,7.73000001907349,7.73000001907349,7.51000022888184,7.76999998092651,7456200,2018-03-07
AHL,21.9300003051758,21.9500007629395,18.0672988891602,21.7700004577637,22.1100006103516,688000,2009-06-23
VIAV,8.10011386871338,8.41865730285645,8.41865730285645,7.87258243560791,8.60068225860596,4611700,2002-10-14
CAAS,2.48000001907349,2.25999999046326,2.21464872360229,2.23000001907349,2.48000001907349,26400,2008-10-27
AFSI,6.11983489990234,6.07438039779663,3.99719977378845,5.96281003952026,6.16528940200806,1071600,2007-08-02
EGHT,3.23000001907349,3.22000002861023,3.22000002861023,3.16000008583069,3.24000000953674,409600,2004-10-15
AAPL,0.352678567171097,0.357142865657806,0.0161296371370554,0.350446432828903,0.366071432828903,25569600,1983-11-16
AAPL,0.381696432828903,0.381696432828903,0.0172385536134243,0.381696432828903,0.392857134342194,36668800,1985-04-11
GTN,10.8999996185303,11,8.81518268585205,10.8999996185303,11.0500001907349,5000,2002-09-23
GTT,29.2000007629395,29.6000003814697,29.6000003814697,28.8500003814697,29.7000007629395,321100,2017-01-11
CAAS,8.98999977111816,8.85000038146973,8.67240810394287,8.69999980926514,9.19999980926514,165000,2007-03-21
EGHT,10.25,9.125,9.125,9,10.375,179500,2000-05-23
APO,23.4400005340576,23.3099994659424,21.205753326416,23.2600002288818,23.5900001525879,3025800,2017-03-21
AHL,28.25,28.3999996185303,22.5264301300049,27.9300003051758,28.7299995422363,505100,2008-02-01
MHD,17.0300006866455,17.0200004577637,16.2475986480713,16.9200000762939,17.0300006866455,59600,2017-10-17
PEY,10.789999961853,10.8800001144409,7.19759225845337,10.7700004577637,10.9499998092651,112200,2008-05-22
GTS,21.9899997711182,22.25,22.25,21.8199996948242,22.3600006103516,94500,2016-05-23
PEZ,22.75,22.6599998474121,21.217264175415,22.5300006866455,22.75,3000,2008-05-30
GTN,12.1599998474121,12.3100004196167,12.3100004196167,12.0600004196167,12.3199996948242,342900,2014-08-01
PEY,16.5,16.3899993896484,15.3863830566406,16.3700008392334,16.5400009155273,602200,2016-12-01
CLWT,7.20499992370605,7.15000009536743,7.15000009536743,6.71000003814697,7.20499992370605,3200,2011-04-25
GTN,10.6000003814697,10.8500003814697,10.8500003814697,10.5,11.1000003814697,978400,2017-01-20
CLWT,12.1718597412109,10.4929800033569,10.4929800033569,10.2831201553345,12.1718597412109,8400,1997-12-11
BRFS,3.36249995231628,3.39750003814697,1.48871779441833,3.35833334922791,3.39750003814697,76800,2004-12-14
GTN,11.5200004577637,11.6700000762939,9.47389698028564,11.5200004577637,11.710000038147,56400,2004-08-13
GTS,17.9099998474121,17.5,17.5,17.3999996185303,17.9599990844727,68500,2013-03-27
CAAS,11.6199998855591,11.4799995422363,11.2496309280396,11.3599996566772,12.0200004577637,237900,2006-12-20
EGHT,1.85000002384186,1.8400000333786,1.8400000333786,1.78999996185303,1.87999999523163,587200,2005-08-05
RAVN,2.15625,2.16249990463257,1.00437414646149,2.15625,2.16249990463257,11200,2001-10-04
CRCM,21.3700008392334,21.3500003814697,21.3500003814697,21.1399993896484,22.1200008392334,199300,2018-07-24
FLWS,9.38000011444092,9.25,9.25,9.14999961853027,9.48999977111816,111200,2003-09-08
EGHT,2.65000009536743,2.6800000667572,2.6800000667572,2.63000011444092,2.75999999046326,432200,2005-02-22
AMSWA,4.25,4.375,2.06597328186035,4.25,4.4375,34400,1999-07-01
OXLC,14.9399995803833,14.5500001907349,7.78279829025269,14.5100002288818,14.9399995803833,115900,2015-06-22
RAVN,2.70000004768372,2.71875,1.26272463798523,2.67499995231628,2.71875,31200,2001-11-30
AMSWA,4.62962961196899,4.51851844787598,1.72470450401306,4.51851844787598,4.62962961196899,237700,1986-12-17
AMSWA,10.25,10,4.26597452163696,9.875,10.25,120100,1992-11-19
MHD,16.6599998474121,16.6700000762939,13.3244733810425,16.6299991607666,16.6700000762939,16900,2014-11-11
AMSWA,7,6.92999982833862,3.78174877166748,6.8899998664856,7,19100,2006-10-13
EGHT,14.8000001907349,14.960000038147,14.960000038147,14.6300001144409,15.1499996185303,442800,2016-09-26
AAPL,1.125,1.13392853736877,0.326211988925934,1.08928573131561,1.14285719394684,35915600,1993-11-12
EGHT,6,7.375,7.375,6,7.5,1210800,1998-03-02
CCNE,17.2759990692139,16.6000003814697,8.87873554229736,16.5879993438721,17.3159999847412,6700,2003-06-04
EGHT,22,22.3999996185303,22.3999996185303,21.9500007629395,22.6499996185303,404000,2018-08-10
AHH,13.7600002288818,13.5299997329712,12.4564723968506,13.5100002288818,14.0100002288818,184000,2017-02-01
AMSWA,9.125,9,3.83937644958496,8.875,9.125,109500,1992-12-01
GHDX,29.2800006866455,27.9599990844727,27.9599990844727,27.8400001525879,29.2800006866455,113100,2012-04-13
AMSWA,10.4899997711182,10.3000001907349,5.79658317565918,10.25,10.4899997711182,75200,2007-06-21
BRFS,10.664999961853,10.6875,9.49998092651367,10.6000003814697,10.7624998092651,3448800,2009-07-24
OXLC,11,11.0299997329712,8.39840030670166,10.8500003814697,11.1700000762939,277300,2017-02-09
GTN,2.59999990463257,2.52999997138977,2.52999997138977,2.50999999046326,2.63000011444092,135200,2011-07-25
AMSWA,9.17000007629395,9,7.10198068618774,8.93000030517578,9.1899995803833,100500,2013-11-07
CAAS,7.5,7.90999984741211,7.75127077102661,7.42000007629395,7.94999980926514,68700,2009-08-10
AMSWA,12,12,4.78673505783081,12,12.1666669845581,577900,1989-08-28
AMSWA,3.29999995231628,3.29999995231628,1.55833339691162,3.23000001907349,3.45000004768372,49000,2002-05-30
FLWS,10.8400001525879,10.6300001144409,10.6300001144409,10.6000003814697,10.8999996185303,232700,2015-07-17
FLWS,5.30000019073486,5,5,4.84999990463257,5.30000019073486,831300,2014-02-18
VIAV,29.7212734222412,29.9345855712891,29.9345855712891,29.1524467468262,31.0011367797852,1787800,1998-07-09
MHF,9.375,9.5,1.62137031555176,9.375,9.625,19600,1990-03-07
RRC,74.6500015258789,73.8000030517578,72.6561508178711,73.5199966430664,75,1406900,2013-11-18
RRC,4.66666984558105,5.08333015441895,4.72625780105591,4.66666984558105,5.16666984558105,141000,1998-09-14
CLWT,3.33677005767822,3.77747011184692,3.77747011184692,3.33677005767822,3.77747011184692,1400,2001-03-20
RRC,65.8199996948242,65.5400009155273,63.4876861572266,65.0899963378906,66.7600021362305,2099200,2008-06-30
CLWT,2.59999990463257,2.59999990463257,2.59999990463257,2.58999991416931,2.59999990463257,4600,2013-08-01
OXLC,14.9700002670288,15.3900003433228,5.70825815200806,14.6999998092651,15.3900003433228,49600,2012-12-31
EGHT,12,11.75,11.75,11.75,12.0625,130700,1997-11-18
RAVN,1.29861116409302,1.29861116409302,0.0200148597359657,1.29166662693024,1.30555558204651,28800,1992-03-12
PEZ,22.3899993896484,22.3099994659424,21.1654090881348,22.2600002288818,22.3999996185303,9800,2010-03-31
RAVN,10.125,9.57999992370605,6.34627819061279,9.5,10.125,281600,2005-01-04
PEZ,26.0900001525879,26.2099990844727,25.0378570556641,26.0900001525879,26.2199993133545,1500,2011-03-31
MHD,14.3125,14.1875,3.92333960533142,14.125,14.3125,24700,1999-08-02
CLWT,3.24762010574341,3.06429004669189,3.06429004669189,2.77619004249573,3.24762010574341,1400,2003-04-28
RRC,5.32000017166138,5.30000019073486,5.04495859146118,5.26667022705078,5.40000009536743,277200,2003-11-24
CCNE,8.19999980926514,8.11999988555908,3.69443249702454,8.11999988555908,8.19999980926514,1700,2001-10-31
BRFS,2.71666669845581,2.66666674613953,1.1684809923172,2.65833330154419,2.71666669845581,336000,2004-11-03
RAVN,34.4000015258789,34.6500015258789,34.149471282959,33.2999992370605,34.75,135400,2017-07-10
BRFS,13.414999961853,13.7349996566772,12.2707242965698,13.3725004196167,13.8374996185303,1880000,2010-03-31
RRC,1.79166996479034,1.79166996479034,1.70545220375061,1.70833003520966,1.79166996479034,149400,2000-02-08
MHD,17.25,17.1800003051758,16.1060485839844,17.1200008392334,17.25,66600,2017-06-29
BRFS,3.29166674613953,3.32666659355164,1.78076326847076,3.28999996185303,3.40000009536743,246000,2005-04-08
AHL,26.7199993133545,26.6000003814697,20.5024280548096,26.5200004577637,26.8899993896484,236500,2006-12-14
GTS,19.3600006103516,18.9300003051758,18.9300003051758,18.8400001525879,19.3799991607666,30900,2013-01-03
CLWT,3.69000005722046,3.59999990463257,3.59999990463257,3.54999995231628,3.72000002861023,4000,2014-11-18
AAPL,0.504464268684387,0.504464268684387,0.0227831117808819,0.504464268684387,0.517857134342194,54751200,1986-03-27
CLWT,3.1428599357605,3.53571009635925,3.53571009635925,3.1428599357605,3.53571009635925,400,2002-09-11
GTN,1.89999997615814,1.79999995231628,1.79999995231628,1.77999997138977,1.95000004768372,66000,2011-11-14
RRC,14.6333303451538,14.4933300018311,13.8862218856812,14.2399997711182,14.6533298492432,685800,2005-05-18
DSKE,9.59000015258789,9.61999988555908,9.61999988555908,9.56999969482422,9.61999988555908,735000,2016-02-19
AFSI,6.97933864593506,6.73553705215454,4.44888257980347,6.67355394363403,6.97933864593506,714600,2007-10-10
MHD,14.710000038147,14.8000001907349,7.22876739501953,14.6999998092651,14.8199996948242,62700,2007-12-07
RAVN,25.9050006866455,25.6450004577637,22.3621940612793,24.6949996948242,26.3549995422363,126800,2011-10-07
MHD,15.1899995803833,15.0799999237061,7.26118135452271,15.0799999237061,15.1999998092651,8600,2007-08-14
CRCM,8.93000030517578,8.97999954223633,8.97999954223633,8.84000015258789,9.09000015258789,73200,2016-11-17
VIAV,1.20875990390778,1.20875990390778,1.20875990390778,1.20875990390778,1.24431169033051,132900,1993-12-29
PEZ,16.2399997711182,16.2299995422363,15.3514919281006,16.1800003051758,16.2399997711182,3100,2009-01-02
EGHT,14.3500003814697,15.1000003814697,15.1000003814697,14.3500003814697,15.1000003814697,647300,2017-03-16
AMSWA,5.61111116409302,5.83333349227905,2.28821706771851,5.55555534362793,5.83333349227905,95100,1988-08-01
AHH,10.7299995422363,10.6300001144409,8.80618858337402,10.5600004196167,10.7299995422363,207800,2015-06-19
RAVN,1.625,1.70833337306976,0.0575706101953983,1.625,1.70833337306976,9600,1995-07-11
PEY,15.1099996566772,15.0699996948242,8.8089656829834,15.0100002288818,15.1099996566772,150000,2005-06-21
APO,22.7000007629395,22.7000007629395,17.1353378295898,22.5100002288818,23.2399997711182,790900,2014-12-22
AHL,25.4699993133545,25.5,20.4532432556152,25.1399993896484,25.6000003814697,738900,2008-06-02
CLWT,2.95000004768372,2.98000001907349,2.98000001907349,2.95000004768372,2.98000001907349,500,2015-04-28
CAAS,2.4300000667572,2.71000003814697,2.65561866760254,2.4300000667572,2.73000001907349,4400,2009-03-04
PEZ,24.2000007629395,24.4099998474121,23.3786582946777,24.0599994659424,24.4099998474121,5800,2011-08-15
APO,35.0699996948242,35.4199981689453,33.8624076843262,34.7999992370605,35.7000007629395,493700,2018-01-17
FLWS,6.55000019073486,6.5,6.5,6.5,6.57000017166138,103400,2006-03-09
VIAV,17.5654144287109,17.6109218597412,17.6109218597412,17.0648460388184,18.0204772949219,4087100,2002-05-07
DSKE,9.81999969482422,9.98999977111816,9.98999977111816,9.79800033569336,10.0699996948242,435700,2018-06-12
VIAV,6.34812307357788,6.44482374191284,6.44482374191284,6.29124021530151,6.47895336151123,7176500,2010-03-23
GHDX,24.7999992370605,26.7000007629395,26.7000007629395,24.7700004577637,27.0200004577637,584200,2008-01-10
MHD,17.7700004577637,17.7700004577637,15.4551725387573,17.7399997711182,17.7800006866455,25500,2016-03-09
ISTR,15,15.0290002822876,14.8365726470947,15,15.0290002822876,1400,2015-03-06
RRC,61.4799995422363,62.3800010681152,61.0844841003418,61.2000007629395,64.8199996948242,3536900,2011-08-16
AAPL,16.0699996948242,16.2199993133545,10.8998289108276,16.001428604126,16.25,143102400,2007-05-22
RRC,3,2.92000007629395,2.77948522567749,2.84666991233826,3.11999988555908,602400,2001-07-19
PEY,11.0500001907349,11.1199998855591,9.34549903869629,11,11.1599998474121,198800,2013-09-23
EGHT,1.14999997615814,1.1599999666214,1.1599999666214,1.12000000476837,1.1599999666214,261600,2008-06-27
RAVN,0.3125,0.3125,0.000203396048163995,0.3125,0.3125,310400,1986-03-25
CAAS,14.1000003814697,13.0200004577637,12.7587289810181,13,14.1999998092651,38800,2004-01-28
RAVN,17.1000003814697,15.8149995803833,11.2542638778687,15.8050003051758,17.4500007629395,170400,2008-01-17
AMSWA,9.64999961853027,9.78999996185303,8.23566722869873,9.53999996185303,9.85000038146973,64500,2015-03-12
MHF,7.4375,7.4375,2.62555050849915,7.375,7.5625,52700,2000-05-18
AMSWA,5.6875,5.9375,2.80381965637207,5.5,5.96869993209839,67000,2000-07-28
MHD,15.8699998855591,15.6700000762939,10.1903133392334,15.6400003433228,15.9200000762939,26200,2011-10-17
CRCM,13.8800001144409,13.8000001907349,13.8000001907349,13.5900001525879,13.9499998092651,220000,2017-05-05
NSEC,2.70833325386047,2.70833325386047,0.611339867115021,2.70833325386047,2.77777767181396,1800,1981-05-05
FLWS,9.5,9.25,9.25,9.14999961853027,9.5,340200,2003-09-03
PEY,12.7299995422363,12.2799997329712,7.98474216461182,12.2799997329712,12.7299995422363,79200,2008-01-17
AMSWA,6.34999990463257,6.25,3.62531781196594,6.15000009536743,6.34999990463257,70100,2008-04-25
RRC,20.3799991607666,20.3333301544189,19.5054016113281,20.1666698455811,20.4933300018311,1631700,2005-07-13
PEY,16.1800003051758,16.1499996185303,10.0468864440918,16.1000003814697,16.2000007629395,73500,2007-01-17
RAVN,1.45833337306976,1.45833337306976,0.217763617634773,1.39583337306976,1.45833337306976,9600,1999-08-30
MHF,9,9,2.31112813949585,9,9,6300,1995-08-03
MHD,14.3000001907349,14.3500003814697,7.00897264480591,14.210000038147,14.3500003814697,37400,2007-11-26
RAVN,34.5800018310547,33.5999984741211,30.4137477874756,33.3300018310547,34.6199989318848,85500,2013-10-30
GTS,18.4200000762939,18.2800006866455,18.2800006866455,18.0499992370605,18.4200000762939,77500,2012-06-29
VIAV,9.69852066040039,9.65301513671875,9.65301513671875,9.49943161010742,9.76678085327148,8589200,2011-01-31
AAPL,7.06285715103149,7.67714262008667,5.15903472900391,7.03857135772705,7.70714282989502,466393900,2005-10-13
RAVN,7.37249994277954,7.28749990463257,4.39318370819092,7.15500020980835,7.37249994277954,94000,2003-12-12
MHF,8.75,8.875,2.23748588562012,8.75,8.875,15300,1995-05-12
BRFS,11.7399997711182,11.8800001144409,11.8800001144409,11.6499996185303,11.8900003433228,1796600,2017-07-12
AHL,26.2999992370605,26.5499992370605,19.5179805755615,26.2000007629395,26.5499992370605,24400,2004-03-05
CLWT,19.6900005340576,19.6900005340576,19.6900005340576,19.6900005340576,20.2399997711182,4800,2005-10-11
AAPL,11.0557146072388,10.6000003814697,7.12319374084473,10.4642858505249,11.0714282989502,318946600,2006-01-25
GHDX,29.1700000762939,28.1399993896484,28.1399993896484,28.0400009155273,29.1700000762939,126900,2017-01-17
RRC,17.7333297729492,17.6666698455811,16.9473209381104,17.4933300018311,17.8733291625977,986200,2005-06-20
AMSWA,2.125,2.0625,0.973958730697632,1.875,2.125,62700,2001-02-07
GHDX,19.3299999237061,17.9300003051758,17.9300003051758,17.1800003051758,19.3299999237061,820500,2007-02-12
AMSWA,5.9375,5.9375,2.80381965637207,5.9375,6.125,27900,1996-10-17
PEY,16.8099994659424,16.7999992370605,16.5314483642578,16.75,16.9699993133545,212000,2018-03-27
VIAV,19.2036399841309,18.7940845489502,18.7940845489502,18.2025032043457,19.7042102813721,5812800,2002-05-02
APO,22.4799995422363,22.2000007629395,15.843768119812,21.8999996185303,22.5599994659424,447600,2013-03-22
CLWT,21.1749992370605,20.8999996185303,20.8999996185303,20.1299991607666,21.5599994659424,24500,2005-01-18
VIAV,8.00910091400146,8.02616596221924,8.02616596221924,7.94084167480469,8.0716724395752,4441200,2007-08-27
AMSWA,3.92592597007751,3.90123462677002,1.47946417331696,3.90123462677002,3.92592597007751,119400,1985-02-14
PEY,7.21000003814697,7.67000007629395,5.21259832382202,7.09999990463257,7.71999979019165,47200,2008-12-05
FLWS,4.5,4.51999998092651,4.51999998092651,4.5,5.07999992370605,500900,2008-10-08
VIAV,3.37315130233765,3.31058025360107,3.31058025360107,3.2878270149231,3.40159273147583,4766100,2009-08-11
AMSWA,17,16.625,6.99261951446533,16.625,17,27800,1992-03-06
MHD,15,15,4.08311462402344,15,15.125,23800,1999-05-13
AHH,15.460000038147,15.5900001525879,15.5900001525879,15.460000038147,15.6700000762939,163300,2018-08-14
GTT,10.5,10.5600004196167,10.5600004196167,10.289999961853,11.1000003814697,21200,2014-04-11
BRFS,0.5,0.487500011920929,0.0666039660573006,0.487500011920929,0.5,30000,2002-10-09
RAVN,7.98250007629395,8,5.15122890472412,7.98250007629395,8.23750019073486,80400,2004-06-01
RAVN,12.0550003051758,11.7849998474121,7.90244197845459,11.5500001907349,12.0550003051758,302000,2005-08-18
CAAS,10.8999996185303,11.3500003814697,11.1222410202026,10.6999998092651,11.3500003814697,59500,2003-11-10
BRFS,18.9799995422363,19.1599998474121,18.1941967010498,18.9099998474121,19.1599998474121,1530400,2014-03-25
CAAS,17.25,17.25,16.903844833374,16.6499996185303,17.4500007629395,237300,2010-10-15
CLWT,21.6149997711182,24.75,24.75,21.6149997711182,24.75,131000,2007-01-16
MHD,16.7299995422363,16.6499996185303,14.1792621612549,16.5499992370605,16.7800006866455,39400,2015-11-06
RRC,5.66666984558105,5.66666984558105,4.97232389450073,5.66666984558105,5.66666984558105,900,1993-10-25
BRFS,2.67750000953674,2.73250007629395,1.19732785224915,2.65416669845581,2.74166655540466,301200,2004-09-08
EGHT,1.75,1.73000001907349,1.73000001907349,1.70000004768372,1.75999999046326,236400,2005-04-07
RAVN,11.3950004577637,10.8000001907349,8.25232124328613,10.75,11.4350004196167,187200,2009-01-14
AHH,13.4799995422363,13.8400001525879,12.5817127227783,13.4799995422363,13.9899997711182,207400,2016-10-21
RAVN,0.319444447755814,0.319444447755814,3.79547200282104e-05,0.315972208976746,0.322916656732559,22400,1984-11-27
AHL,24.4599990844727,24.4899997711182,19.1945037841797,23.7099990844727,25.1100006103516,1697700,2007-08-01
AAPL,1.08571434020996,1.08285713195801,0.727679371833801,1.07857143878937,1.09571433067322,56967400,2002-12-03
RAVN,0.34375,0.34375,4.08425621571951e-05,0.340277791023254,0.34375,22400,1984-12-14
GTT,1.79999995231628,1.79999995231628,1.79999995231628,1.79999995231628,1.79999995231628,1100,2007-03-16
VIAV,95.3498306274414,95.1365203857422,95.1365203857422,94.2832794189453,99.8293533325195,1481400,1999-08-06
CLWT,7.80999994277954,7.69999980926514,7.69999980926514,7.64499998092651,7.92000007629395,3800,2010-11-10
AMSWA,6.59000015258789,6.46999979019165,4.15702295303345,6.42000007629395,6.59999990463257,71600,2009-11-16
GTN,17.25,17.1499996185303,17.1499996185303,17,17.25,561300,2018-01-17
GTS,9.25,8.97999954223633,8.97999954223633,8.89999961853027,10.1499996185303,77900,2008-12-04
GTS,20.8700008392334,20.8899993896484,20.8899993896484,20.6599998474121,21.1800003051758,78800,2011-05-20
OXLC,10.3500003814697,10.5,9.87526607513428,10.3400001525879,10.5299997329712,218300,2018-04-09
RRC,6.5,6.75,5.93313407897949,6.41666984558105,6.91666984558105,623700,1996-01-04
GTN,12.0799999237061,11.789999961853,11.789999961853,11.6899995803833,12.1099996566772,367000,2014-06-12
VIAV,36.1916961669922,38.1825942993164,38.1825942993164,35.7650756835938,39.2491455078125,2137000,1998-12-21
RAVN,17.4400005340576,17.5149993896484,14.2240352630615,17.2800006866455,17.8899993896484,89000,2010-07-30
AAPL,0.267857134342194,0.267857134342194,0.0120972283184528,0.267857134342194,0.267857134342194,10718400,1985-08-30
GHDX,25.5100002288818,26.0400009155273,26.0400009155273,25.2700004577637,26.4799995422363,119400,2012-01-05
GTT,32.5999984741211,32.5499992370605,32.5499992370605,32.2000007629395,32.75,538800,2017-06-23
APO,13.3500003814697,12.9399995803833,10.7210664749146,12.539999961853,13.4499998092651,2945200,2016-02-08
CLWT,4.51000022888184,4.80000019073486,4.80000019073486,4.46999979019165,4.84999990463257,32500,2014-07-25
GTN,11.5600004196167,11.5900001525879,9.46948909759521,11.3000001907349,11.6000003814697,49800,2005-06-06
MHD,15.5900001525879,15.6700000762939,12.0483283996582,15.5500001907349,15.6700000762939,75500,2014-04-04
RRC,6.83333015441895,7,6.15288162231445,6.83333015441895,7,252300,1996-02-02
FLWS,6.94000005722046,6.98000001907349,6.98000001907349,6.94000005722046,7.11999988555908,307100,2005-09-02
MHD,14.8100004196167,14.8400001525879,8.52872848510742,14.75,14.8699998855591,26900,2010-02-11
GTN,0.430000007152557,0.419999986886978,0.419999986886978,0.419999986886978,0.439999997615814,134200,2009-07-09
PEZ,35.5099983215332,35.0299987792969,34.1108016967773,35.0200004577637,35.5099983215332,5400,2013-06-05
GHDX,36.8400001525879,37,37,36.75,37.1100006103516,164000,2013-05-24
PEY,16.9500007629395,16.9599990844727,16.1377506256104,16.9300003051758,16.9899997711182,2820100,2017-04-21
